wall,cell,event,detail
1789622427.168,c000,start,"{""path"": ""ran"", ""model"": ""qwen2.5:0.5b"", ""prompt"": ""short"", ""loss"": 0, ""delay"": 0, ""sentinel"": true, ""qdisc"": {""netem"": false, ""uplink"": null, ""downlink"": null, ""ingress"": false, ""redirect"": false, ""ifb"": false}}"
1789622445.034,c000,done,attempt 1
1789622446.067,c001,start,"{""path"": ""ran"", ""model"": ""qwen2.5:3b"", ""prompt"": ""short"", ""loss"": 0.5, ""delay"": 0, ""sentinel"": false, ""qdisc"": {""netem"": true, ""uplink"": {""delay_ms"": 0.0, ""loss_pct"": 0.5, ""raw"": ""qdisc netem 8001: root refcnt 2 limit 1000 loss 0.5%""}, ""downlink"": {""delay_ms"": 0.0, ""loss_pct"": 0.5, ""raw"": ""qdisc netem 8002: root refcnt 2 limit 1000 loss 0.5%""}, ""ingress"": true, ""redirect"": true, ""ifb"": true}}"
1789622519.081,c001,done,attempt 1
1789622520.112,c002,start,"{""path"": ""ran"", ""model"": ""qwen2.5:3b"", ""prompt"": ""short"", ""loss"": 0, ""delay"": 50, ""sentinel"": false, ""qdisc"": {""netem"": true, ""uplink"": {""delay_ms"": 50.0, ""loss_pct"": 0.0, ""raw"": ""qdisc netem 8003: root refcnt 2 limit 1000 delay 50ms""}, ""downlink"": {""delay_ms"": 50.0, ""loss_pct"": 0.0, ""raw"": ""qdisc netem 8004: root refcnt 2 limit 1000 delay 50ms""}, ""ingress"": true, ""redirect"": true, ""ifb"": true}}"
1789622597.177,c002,done,attempt 1
1789622598.145,c003,start,"{""path"": ""ran"", ""model"": ""qwen2.5:3b"", ""prompt"": ""short"", ""loss"": 0, ""delay"": 0, ""sentinel"": false, ""qdisc"": {""netem"": false, ""uplink"": null, ""downlink"": null, ""ingress"": false, ""redirect"": false, ""ifb"": false}}"
1789622665.857,c003,done,attempt 1
1789622666.904,c004,start,"{""path"": ""ran"", ""model"": ""qwen2.5:3b"", ""prompt"": ""long"", ""loss"": 2, ""delay"": 0, ""sentinel"": false, ""qdisc"": {""netem"": true, ""uplink"": {""delay_ms"": 0.0, ""loss_pct"": 2.0, ""raw"": ""qdisc netem 8005: root refcnt 2 limit 1000 loss 2%""}, ""downlink"": {""delay_ms"": 0.0, ""loss_pct"": 2.0, ""raw"": ""qdisc netem 8006: root refcnt 2 limit 1000 loss 2%""}, ""ingress"": true, ""redirect"": true, ""ifb"": true}}"
1789622764.285,c004,done,attempt 1
1789622764.362,c005,start,"{""path"": ""loopback"", ""model"": ""qwen2.5:3b"", ""prompt"": ""long"", ""loss"": 0, ""delay"": 0, ""sentinel"": false, ""qdisc"": {""netem"": false, ""uplink"": null, ""downlink"": null, ""ingress"": false, ""redirect"": false, ""ifb"": false}}"
1789622853.821,c005,done,attempt 1
1789622854.874,c006,start,"{""path"": ""ran"", ""model"": ""qwen2.5:0.5b"", ""prompt"": ""long"", ""loss"": 0, ""delay"": 100, ""sentinel"": false, ""qdisc"": {""netem"": true, ""uplink"": {""delay_ms"": 100.0, ""loss_pct"": 0.0, ""raw"": ""qdisc netem 8007: root refcnt 2 limit 1000 delay 100ms""}, ""downlink"": {""delay_ms"": 100.0, ""loss_pct"": 0.0, ""raw"": ""qdisc netem 8008: root refcnt 2 limit 1000 delay 100ms""}, ""ingress"": true, ""redirect"": true, ""ifb"": true}}"
1789622938.99,c006,done,attempt 1
1789622940.029,c007,start,"{""path"": ""ran"", ""model"": ""qwen2.5:1.5b"", ""prompt"": ""long"", ""loss"": 5, ""delay"": 100, ""sentinel"": false, ""qdisc"": {""netem"": true, ""uplink"": {""delay_ms"": 100.0, ""loss_pct"": 5.0, ""raw"": ""qdisc netem 8009: root refcnt 2 limit 1000 delay 100ms loss 5%""}, ""downlink"": {""delay_ms"": 100.0, ""loss_pct"": 5.0, ""raw"": ""qdisc netem 800a: root refcnt 2 limit 1000 delay 100ms loss 5%""}, ""ingress"": true, ""redirect"": true, ""ifb"": true}}"
1789623068.097,c007,done,attempt 1
1789623069.15,c008,start,"{""path"": ""ran"", ""model"": ""qwen2.5:0.5b"", ""prompt"": ""long"", ""loss"": 0.5, ""delay"": 0, ""sentinel"": false, ""qdisc"": {""netem"": true, ""uplink"": {""delay_ms"": 0.0, ""loss_pct"": 0.5, ""raw"": ""qdisc netem 800b: root refcnt 2 limit 1000 loss 0.5%""}, ""downlink"": {""delay_ms"": 0.0, ""loss_pct"": 0.5, ""raw"": ""qdisc netem 800c: root refcnt 2 limit 1000 loss 0.5%""}, ""ingress"": true, ""redirect"": true, ""ifb"": true}}"
1789623129.098,c008,done,attempt 1
1789623130.129,c009,start,"{""path"": ""ran"", ""model"": ""qwen2.5:3b"", ""prompt"": ""long"", ""loss"": 0.5, ""delay"": 0, ""sentinel"": false, ""qdisc"": {""netem"": true, ""uplink"": {""delay_ms"": 0.0, ""loss_pct"": 0.5, ""raw"": ""qdisc netem 800d: root refcnt 2 limit 1000 loss 0.5%""}, ""downlink"": {""delay_ms"": 0.0, ""loss_pct"": 0.5, ""raw"": ""qdisc netem 800e: root refcnt 2 limit 1000 loss 0.5%""}, ""ingress"": true, ""redirect"": true, ""ifb"": true}}"
1789623229.874,c009,done,attempt 1
1789623230.904,c010,start,"{""path"": ""ran"", ""model"": ""qwen2.5:3b"", ""prompt"": ""short"", ""loss"": 1, ""delay"": 100, ""sentinel"": false, ""qdisc"": {""netem"": true, ""uplink"": {""delay_ms"": 100.0, ""loss_pct"": 1.0, ""raw"": ""qdisc netem 800f: root refcnt 2 limit 1000 delay 100ms loss 1%""}, ""downlink"": {""delay_ms"": 100.0, ""loss_pct"": 1.0, ""raw"": ""qdisc netem 8010: root refcnt 2 limit 1000 delay 100ms loss 1%""}, ""ingress"": true, ""redirect"": true, ""ifb"": true}}"
1789623324.234,c010,done,attempt 1
1789623325.207,c011,start,"{""path"": ""ran"", ""model"": ""qwen2.5:0.5b"", ""prompt"": ""short"", ""loss"": 0, ""delay"": 0, ""sentinel"": true, ""qdisc"": {""netem"": false, ""uplink"": null, ""downlink"": null, ""ingress"": false, ""redirect"": false, ""ifb"": false}}"
1789623344.128,c011,done,attempt 1
1789623345.183,c012,start,"{""path"": ""ran"", ""model"": ""qwen2.5:0.5b"", ""prompt"": ""short"", ""loss"": 0, ""delay"": 200, ""sentinel"": false, ""qdisc"": {""netem"": true, ""uplink"": {""delay_ms"": 200.0, ""loss_pct"": 0.0, ""raw"": ""qdisc netem 8011: root refcnt 2 limit 1000 delay 200ms""}, ""downlink"": {""delay_ms"": 200.0, ""loss_pct"": 0.0, ""raw"": ""qdisc netem 8012: root refcnt 2 limit 1000 delay 200ms""}, ""ingress"": true, ""redirect"": true, ""ifb"": true}}"
1789623442.387,c012,done,attempt 1
1789623443.425,c013,start,"{""path"": ""ran"", ""model"": ""qwen2.5:0.5b"", ""prompt"": ""long"", ""loss"": 0, ""delay"": 50, ""sentinel"": false, ""qdisc"": {""netem"": true, ""uplink"": {""delay_ms"": 50.0, ""loss_pct"": 0.0, ""raw"": ""qdisc netem 8013: root refcnt 2 limit 1000 delay 50ms""}, ""downlink"": {""delay_ms"": 50.0, ""loss_pct"": 0.0, ""raw"": ""qdisc netem 8014: root refcnt 2 limit 1000 delay 50ms""}, ""ingress"": true, ""redirect"": true, ""ifb"": true}}"
1789623513.47,c013,done,attempt 1
1789623513.543,c014,start,"{""path"": ""loopback"", ""model"": ""qwen2.5:0.5b"", ""prompt"": ""long"", ""loss"": 0, ""delay"": 0, ""sentinel"": false, ""qdisc"": {""netem"": false, ""uplink"": null, ""downlink"": null, ""ingress"": false, ""redirect"": false, ""ifb"": false}}"
1789623565.753,c014,done,attempt 1
1789623566.797,c015,start,"{""path"": ""ran"", ""model"": ""qwen2.5:1.5b"", ""prompt"": ""long"", ""loss"": 0, ""delay"": 50, ""sentinel"": false, ""qdisc"": {""netem"": true, ""uplink"": {""delay_ms"": 50.0, ""loss_pct"": 0.0, ""raw"": ""qdisc netem 8015: root refcnt 2 limit 1000 delay 50ms""}, ""downlink"": {""delay_ms"": 50.0, ""loss_pct"": 0.0, ""raw"": ""qdisc netem 8016: root refcnt 2 limit 1000 delay 50ms""}, ""ingress"": true, ""redirect"": true, ""ifb"": true}}"
1789623661.95,c015,done,attempt 1
1789623662.996,c016,start,"{""path"": ""ran"", ""model"": ""qwen2.5:1.5b"", ""prompt"": ""long"", ""loss"": 2, ""delay"": 0, ""sentinel"": false, ""qdisc"": {""netem"": true, ""uplink"": {""delay_ms"": 0.0, ""loss_pct"": 2.0, ""raw"": ""qdisc netem 8017: root refcnt 2 limit 1000 loss 2%""}, ""downlink"": {""delay_ms"": 0.0, ""loss_pct"": 2.0, ""raw"": ""qdisc netem 8018: root refcnt 2 limit 1000 loss 2%""}, ""ingress"": true, ""redirect"": true, ""ifb"": true}}"
1789623743.482,c016,done,attempt 1
1789623744.534,c017,start,"{""path"": ""ran"", ""model"": ""qwen2.5:1.5b"", ""prompt"": ""short"", ""loss"": 1, ""delay"": 0, ""sentinel"": false, ""qdisc"": {""netem"": true, ""uplink"": {""delay_ms"": 0.0, ""loss_pct"": 1.0, ""raw"": ""qdisc netem 8019: root refcnt 2 limit 1000 loss 1%""}, ""downlink"": {""delay_ms"": 0.0, ""loss_pct"": 1.0, ""raw"": ""qdisc netem 801a: root refcnt 2 limit 1000 loss 1%""}, ""ingress"": true, ""redirect"": true, ""ifb"": true}}"
1789623784.733,c017,done,attempt 1
1789623785.763,c018,start,"{""path"": ""ran"", ""model"": ""qwen2.5:1.5b"", ""prompt"": ""short"", ""loss"": 0, ""delay"": 100, ""sentinel"": false, ""qdisc"": {""netem"": true, ""uplink"": {""delay_ms"": 100.0, ""loss_pct"": 0.0, ""raw"": ""qdisc netem 801b: root refcnt 2 limit 1000 delay 100ms""}, ""downlink"": {""delay_ms"": 100.0, ""loss_pct"": 0.0, ""raw"": ""qdisc netem 801c: root refcnt 2 limit 1000 delay 100ms""}, ""ingress"": true, ""redirect"": true, ""ifb"": true}}"
1789623852.361,c018,done,attempt 1
1789623853.387,c019,start,"{""path"": ""ran"", ""model"": ""qwen2.5:3b"", ""prompt"": ""short"", ""loss"": 2, ""delay"": 0, ""sentinel"": false, ""qdisc"": {""netem"": true, ""uplink"": {""delay_ms"": 0.0, ""loss_pct"": 2.0, ""raw"": ""qdisc netem 801d: root refcnt 2 limit 1000 loss 2%""}, ""downlink"": {""delay_ms"": 0.0, ""loss_pct"": 2.0, ""raw"": ""qdisc netem 801e: root refcnt 2 limit 1000 loss 2%""}, ""ingress"": true, ""redirect"": true, ""ifb"": true}}"
1789623930.112,c019,done,attempt 1
1789623931.156,c020,start,"{""path"": ""ran"", ""model"": ""qwen2.5:1.5b"", ""prompt"": ""short"", ""loss"": 20, ""delay"": 0, ""sentinel"": false, ""qdisc"": {""netem"": true, ""uplink"": {""delay_ms"": 0.0, ""loss_pct"": 20.0, ""raw"": ""qdisc netem 801f: root refcnt 2 limit 1000 loss 20%""}, ""downlink"": {""delay_ms"": 0.0, ""loss_pct"": 20.0, ""raw"": ""qdisc netem 8020: root refcnt 2 limit 1000 loss 20%""}, ""ingress"": true, ""redirect"": true, ""ifb"": true}}"
1789624026.698,c020,done,attempt 1
1789624027.73,c021,start,"{""path"": ""ran"", ""model"": ""qwen2.5:0.5b"", ""prompt"": ""long"", ""loss"": 5, ""delay"": 0, ""sentinel"": false, ""qdisc"": {""netem"": true, ""uplink"": {""delay_ms"": 0.0, ""loss_pct"": 5.0, ""raw"": ""qdisc netem 8021: root refcnt 2 limit 1000 loss 5%""}, ""downlink"": {""delay_ms"": 0.0, ""loss_pct"": 5.0, ""raw"": ""qdisc netem 8022: root refcnt 2 limit 1000 loss 5%""}, ""ingress"": true, ""redirect"": true, ""ifb"": true}}"
1789624096.214,c021,done,attempt 1
1789624097.182,c022,start,"{""path"": ""ran"", ""model"": ""qwen2.5:0.5b"", ""prompt"": ""short"", ""loss"": 0, ""delay"": 0, ""sentinel"": true, ""qdisc"": {""netem"": false, ""uplink"": null, ""downlink"": null, ""ingress"": false, ""redirect"": false, ""ifb"": false}}"
1789624113.536,c022,done,attempt 1
1789624114.58,c023,start,"{""path"": ""ran"", ""model"": ""qwen2.5:1.5b"", ""prompt"": ""short"", ""loss"": 5, ""delay"": 50, ""sentinel"": false, ""qdisc"": {""netem"": true, ""uplink"": {""delay_ms"": 50.0, ""loss_pct"": 5.0, ""raw"": ""qdisc netem 8023: root refcnt 2 limit 1000 delay 50ms loss 5%""}, ""downlink"": {""delay_ms"": 50.0, ""loss_pct"": 5.0, ""raw"": ""qdisc netem 8024: root refcnt 2 limit 1000 delay 50ms loss 5%""}, ""ingress"": true, ""redirect"": true, ""ifb"": true}}"
1789624175.882,c023,done,attempt 1
1789624175.961,c024,start,"{""path"": ""loopback"", ""model"": ""qwen2.5:3b"", ""prompt"": ""short"", ""loss"": 0, ""delay"": 0, ""sentinel"": false, ""qdisc"": {""netem"": false, ""uplink"": null, ""downlink"": null, ""ingress"": false, ""redirect"": false, ""ifb"": false}}"
1789624245.045,c024,done,attempt 1
1789624245.12,c025,start,"{""path"": ""loopback"", ""model"": ""qwen2.5:0.5b"", ""prompt"": ""short"", ""loss"": 0, ""delay"": 0, ""sentinel"": false, ""qdisc"": {""netem"": false, ""uplink"": null, ""downlink"": null, ""ingress"": false, ""redirect"": false, ""ifb"": false}}"
1789624280.585,c025,done,attempt 1
1789624281.63,c026,start,"{""path"": ""ran"", ""model"": ""qwen2.5:3b"", ""prompt"": ""long"", ""loss"": 20, ""delay"": 0, ""sentinel"": false, ""qdisc"": {""netem"": true, ""uplink"": {""delay_ms"": 0.0, ""loss_pct"": 20.0, ""raw"": ""qdisc netem 8025: root refcnt 2 limit 1000 loss 20%""}, ""downlink"": {""delay_ms"": 0.0, ""loss_pct"": 20.0, ""raw"": ""qdisc netem 8026: root refcnt 2 limit 1000 loss 20%""}, ""ingress"": true, ""redirect"": true, ""ifb"": true}}"
1789624440.746,c026,done,attempt 1
1789624441.797,c027,start,"{""path"": ""ran"", ""model"": ""qwen2.5:3b"", ""prompt"": ""short"", ""loss"": 0, ""delay"": 100, ""sentinel"": false, ""qdisc"": {""netem"": true, ""uplink"": {""delay_ms"": 100.0, ""loss_pct"": 0.0, ""raw"": ""qdisc netem 8027: root refcnt 2 limit 1000 delay 100ms""}, ""downlink"": {""delay_ms"": 100.0, ""loss_pct"": 0.0, ""raw"": ""qdisc netem 8028: root refcnt 2 limit 1000 delay 100ms""}, ""ingress"": true, ""redirect"": true, ""ifb"": true}}"
1789624532.978,c027,done,attempt 1
1789624534.032,c028,start,"{""path"": ""ran"", ""model"": ""qwen2.5:1.5b"", ""prompt"": ""long"", ""loss"": 1, ""delay"": 100, ""sentinel"": false, ""qdisc"": {""netem"": true, ""uplink"": {""delay_ms"": 100.0, ""loss_pct"": 1.0, ""raw"": ""qdisc netem 8029: root refcnt 2 limit 1000 delay 100ms loss 1%""}, ""downlink"": {""delay_ms"": 100.0, ""loss_pct"": 1.0, ""raw"": ""qdisc netem 802a: root refcnt 2 limit 1000 delay 100ms loss 1%""}, ""ingress"": true, ""redirect"": true, ""ifb"": true}}"
1789624645.396,c028,done,attempt 1
1789624646.445,c029,start,"{""path"": ""ran"", ""model"": ""qwen2.5:1.5b"", ""prompt"": ""long"", ""loss"": 0, ""delay"": 20, ""sentinel"": false, ""qdisc"": {""netem"": true, ""uplink"": {""delay_ms"": 20.0, ""loss_pct"": 0.0, ""raw"": ""qdisc netem 802b: root refcnt 2 limit 1000 delay 20ms""}, ""downlink"": {""delay_ms"": 20.0, ""loss_pct"": 0.0, ""raw"": ""qdisc netem 802c: root refcnt 2 limit 1000 delay 20ms""}, ""ingress"": true, ""redirect"": true, ""ifb"": true}}"
1789624729.439,c029,done,attempt 1
1789624730.469,c030,start,"{""path"": ""ran"", ""model"": ""qwen2.5:0.5b"", ""prompt"": ""long"", ""loss"": 5, ""delay"": 50, ""sentinel"": false, ""qdisc"": {""netem"": true, ""uplink"": {""delay_ms"": 50.0, ""loss_pct"": 5.0, ""raw"": ""qdisc netem 802d: root refcnt 2 limit 1000 delay 50ms loss 5%""}, ""downlink"": {""delay_ms"": 50.0, ""loss_pct"": 5.0, ""raw"": ""qdisc netem 802e: root refcnt 2 limit 1000 delay 50ms loss 5%""}, ""ingress"": true, ""redirect"": true, ""ifb"": true}}"
1789624816.033,c030,done,attempt 1
1789624817.078,c031,start,"{""path"": ""ran"", ""model"": ""qwen2.5:0.5b"", ""prompt"": ""long"", ""loss"": 0, ""delay"": 20, ""sentinel"": false, ""qdisc"": {""netem"": true, ""uplink"": {""delay_ms"": 20.0, ""loss_pct"": 0.0, ""raw"": ""qdisc netem 802f: root refcnt 2 limit 1000 delay 20ms""}, ""downlink"": {""delay_ms"": 20.0, ""loss_pct"": 0.0, ""raw"": ""qdisc netem 8030: root refcnt 2 limit 1000 delay 20ms""}, ""ingress"": true, ""redirect"": true, ""ifb"": true}}"
1789624879.424,c031,done,attempt 1
1789624880.476,c032,start,"{""path"": ""ran"", ""model"": ""qwen2.5:3b"", ""prompt"": ""long"", ""loss"": 0, ""delay"": 100, ""sentinel"": false, ""qdisc"": {""netem"": true, ""uplink"": {""delay_ms"": 100.0, ""loss_pct"": 0.0, ""raw"": ""qdisc netem 8031: root refcnt 2 limit 1000 delay 100ms""}, ""downlink"": {""delay_ms"": 100.0, ""loss_pct"": 0.0, ""raw"": ""qdisc netem 8032: root refcnt 2 limit 1000 delay 100ms""}, ""ingress"": true, ""redirect"": true, ""ifb"": true}}"
1789625000.947,c032,done,attempt 1
1789625001.893,c033,start,"{""path"": ""ran"", ""model"": ""qwen2.5:0.5b"", ""prompt"": ""short"", ""loss"": 0, ""delay"": 0, ""sentinel"": true, ""qdisc"": {""netem"": false, ""uplink"": null, ""downlink"": null, ""ingress"": false, ""redirect"": false, ""ifb"": false}}"
1789625020.885,c033,done,attempt 1
1789625021.929,c034,start,"{""path"": ""ran"", ""model"": ""qwen2.5:1.5b"", ""prompt"": ""long"", ""loss"": 0.5, ""delay"": 0, ""sentinel"": false, ""qdisc"": {""netem"": true, ""uplink"": {""delay_ms"": 0.0, ""loss_pct"": 0.5, ""raw"": ""qdisc netem 8033: root refcnt 2 limit 1000 loss 0.5%""}, ""downlink"": {""delay_ms"": 0.0, ""loss_pct"": 0.5, ""raw"": ""qdisc netem 8034: root refcnt 2 limit 1000 loss 0.5%""}, ""ingress"": true, ""redirect"": true, ""ifb"": true}}"
1789625103.969,c034,done,attempt 1
1789625105.032,c035,start,"{""path"": ""ran"", ""model"": ""qwen2.5:1.5b"", ""prompt"": ""short"", ""loss"": 1, ""delay"": 50, ""sentinel"": false, ""qdisc"": {""netem"": true, ""uplink"": {""delay_ms"": 50.0, ""loss_pct"": 1.0, ""raw"": ""qdisc netem 8035: root refcnt 2 limit 1000 delay 50ms loss 1%""}, ""downlink"": {""delay_ms"": 50.0, ""loss_pct"": 1.0, ""raw"": ""qdisc netem 8036: root refcnt 2 limit 1000 delay 50ms loss 1%""}, ""ingress"": true, ""redirect"": true, ""ifb"": true}}"
1789625157.259,c035,done,attempt 1
1789625157.333,c036,start,"{""path"": ""loopback"", ""model"": ""qwen2.5:1.5b"", ""prompt"": ""short"", ""loss"": 0, ""delay"": 0, ""sentinel"": false, ""qdisc"": {""netem"": false, ""uplink"": null, ""downlink"": null, ""ingress"": false, ""redirect"": false, ""ifb"": false}}"
1789625192.328,c036,done,attempt 1
1789625193.365,c037,start,"{""path"": ""ran"", ""model"": ""qwen2.5:1.5b"", ""prompt"": ""short"", ""loss"": 0.5, ""delay"": 0, ""sentinel"": false, ""qdisc"": {""netem"": true, ""uplink"": {""delay_ms"": 0.0, ""loss_pct"": 0.5, ""raw"": ""qdisc netem 8037: root refcnt 2 limit 1000 loss 0.5%""}, ""downlink"": {""delay_ms"": 0.0, ""loss_pct"": 0.5, ""raw"": ""qdisc netem 8038: root refcnt 2 limit 1000 loss 0.5%""}, ""ingress"": true, ""redirect"": true, ""ifb"": true}}"
1789625233.012,c037,done,attempt 1
1789625234.037,c038,start,"{""path"": ""ran"", ""model"": ""qwen2.5:3b"", ""prompt"": ""long"", ""loss"": 5, ""delay"": 100, ""sentinel"": false, ""qdisc"": {""netem"": true, ""uplink"": {""delay_ms"": 100.0, ""loss_pct"": 5.0, ""raw"": ""qdisc netem 8039: root refcnt 2 limit 1000 delay 100ms loss 5%""}, ""downlink"": {""delay_ms"": 100.0, ""loss_pct"": 5.0, ""raw"": ""qdisc netem 803a: root refcnt 2 limit 1000 delay 100ms loss 5%""}, ""ingress"": true, ""redirect"": true, ""ifb"": true}}"
1789625372.674,c038,done,attempt 1
1789625373.725,c039,start,"{""path"": ""ran"", ""model"": ""qwen2.5:0.5b"", ""prompt"": ""long"", ""loss"": 1, ""delay"": 50, ""sentinel"": false, ""qdisc"": {""netem"": true, ""uplink"": {""delay_ms"": 50.0, ""loss_pct"": 1.0, ""raw"": ""qdisc netem 803b: root refcnt 2 limit 1000 delay 50ms loss 1%""}, ""downlink"": {""delay_ms"": 50.0, ""loss_pct"": 1.0, ""raw"": ""qdisc netem 803c: root refcnt 2 limit 1000 delay 50ms loss 1%""}, ""ingress"": true, ""redirect"": true, ""ifb"": true}}"
1789625450.879,c039,done,attempt 1
1789625451.907,c040,start,"{""path"": ""ran"", ""model"": ""qwen2.5:3b"", ""prompt"": ""long"", ""loss"": 0, ""delay"": 50, ""sentinel"": false, ""qdisc"": {""netem"": true, ""uplink"": {""delay_ms"": 50.0, ""loss_pct"": 0.0, ""raw"": ""qdisc netem 803d: root refcnt 2 limit 1000 delay 50ms""}, ""downlink"": {""delay_ms"": 50.0, ""loss_pct"": 0.0, ""raw"": ""qdisc netem 803e: root refcnt 2 limit 1000 delay 50ms""}, ""ingress"": true, ""redirect"": true, ""ifb"": true}}"
1789625561.46,c040,done,attempt 1
1789625562.511,c041,start,"{""path"": ""ran"", ""model"": ""qwen2.5:3b"", ""prompt"": ""short"", ""loss"": 20, ""delay"": 0, ""sentinel"": false, ""qdisc"": {""netem"": true, ""uplink"": {""delay_ms"": 0.0, ""loss_pct"": 20.0, ""raw"": ""qdisc netem 803f: root refcnt 2 limit 1000 loss 20%""}, ""downlink"": {""delay_ms"": 0.0, ""loss_pct"": 20.0, ""raw"": ""qdisc netem 8040: root refcnt 2 limit 1000 loss 20%""}, ""ingress"": true, ""redirect"": true, ""ifb"": true}}"
1789625708.904,c041,done,attempt 1
1789625709.937,c042,start,"{""path"": ""ran"", ""model"": ""qwen2.5:3b"", ""prompt"": ""long"", ""loss"": 0, ""delay"": 200, ""sentinel"": false, ""qdisc"": {""netem"": true, ""uplink"": {""delay_ms"": 200.0, ""loss_pct"": 0.0, ""raw"": ""qdisc netem 8041: root refcnt 2 limit 1000 delay 200ms""}, ""downlink"": {""delay_ms"": 200.0, ""loss_pct"": 0.0, ""raw"": ""qdisc netem 8042: root refcnt 2 limit 1000 delay 200ms""}, ""ingress"": true, ""redirect"": true, ""ifb"": true}}"
1789625856.313,c042,done,attempt 1
1789625857.364,c043,start,"{""path"": ""ran"", ""model"": ""qwen2.5:0.5b"", ""prompt"": ""short"", ""loss"": 5, ""delay"": 100, ""sentinel"": false, ""qdisc"": {""netem"": true, ""uplink"": {""delay_ms"": 100.0, ""loss_pct"": 5.0, ""raw"": ""qdisc netem 8043: root refcnt 2 limit 1000 delay 100ms loss 5%""}, ""downlink"": {""delay_ms"": 100.0, ""loss_pct"": 5.0, ""raw"": ""qdisc netem 8044: root refcnt 2 limit 1000 delay 100ms loss 5%""}, ""ingress"": true, ""redirect"": true, ""ifb"": true}}"
1789625940.766,c043,done,attempt 1
1789625941.725,c044,start,"{""path"": ""ran"", ""model"": ""qwen2.5:0.5b"", ""prompt"": ""short"", ""loss"": 0, ""delay"": 0, ""sentinel"": true, ""qdisc"": {""netem"": false, ""uplink"": null, ""downlink"": null, ""ingress"": false, ""redirect"": false, ""ifb"": false}}"
1789625958.161,c044,done,attempt 1
1789625959.224,c045,start,"{""path"": ""ran"", ""model"": ""qwen2.5:3b"", ""prompt"": ""long"", ""loss"": 10, ""delay"": 0, ""sentinel"": false, ""qdisc"": {""netem"": true, ""uplink"": {""delay_ms"": 0.0, ""loss_pct"": 10.0, ""raw"": ""qdisc netem 8045: root refcnt 2 limit 1000 loss 10%""}, ""downlink"": {""delay_ms"": 0.0, ""loss_pct"": 10.0, ""raw"": ""qdisc netem 8046: root refcnt 2 limit 1000 loss 10%""}, ""ingress"": true, ""redirect"": true, ""ifb"": true}}"
1789626093.525,c045,done,attempt 1
1789626094.477,c046,start,"{""path"": ""ran"", ""model"": ""qwen2.5:0.5b"", ""prompt"": ""long"", ""loss"": 0, ""delay"": 0, ""sentinel"": false, ""qdisc"": {""netem"": false, ""uplink"": null, ""downlink"": null, ""ingress"": false, ""redirect"": false, ""ifb"": false}}"
1789626154.317,c046,done,attempt 1
1789626155.377,c047,start,"{""path"": ""ran"", ""model"": ""qwen2.5:3b"", ""prompt"": ""long"", ""loss"": 1, ""delay"": 0, ""sentinel"": false, ""qdisc"": {""netem"": true, ""uplink"": {""delay_ms"": 0.0, ""loss_pct"": 1.0, ""raw"": ""qdisc netem 8047: root refcnt 2 limit 1000 loss 1%""}, ""downlink"": {""delay_ms"": 0.0, ""loss_pct"": 1.0, ""raw"": ""qdisc netem 8048: root refcnt 2 limit 1000 loss 1%""}, ""ingress"": true, ""redirect"": true, ""ifb"": true}}"
1789626256.944,c047,done,attempt 1
1789626257.995,c048,start,"{""path"": ""ran"", ""model"": ""qwen2.5:0.5b"", ""prompt"": ""long"", ""loss"": 5, ""delay"": 100, ""sentinel"": false, ""qdisc"": {""netem"": true, ""uplink"": {""delay_ms"": 100.0, ""loss_pct"": 5.0, ""raw"": ""qdisc netem 8049: root refcnt 2 limit 1000 delay 100ms loss 5%""}, ""downlink"": {""delay_ms"": 100.0, ""loss_pct"": 5.0, ""raw"": ""qdisc netem 804a: root refcnt 2 limit 1000 delay 100ms loss 5%""}, ""ingress"": true, ""redirect"": true, ""ifb"": true}}"
1789626356.859,c048,done,attempt 1
1789626357.907,c049,start,"{""path"": ""ran"", ""model"": ""qwen2.5:0.5b"", ""prompt"": ""short"", ""loss"": 0, ""delay"": 50, ""sentinel"": false, ""qdisc"": {""netem"": true, ""uplink"": {""delay_ms"": 50.0, ""loss_pct"": 0.0, ""raw"": ""qdisc netem 804b: root refcnt 2 limit 1000 delay 50ms""}, ""downlink"": {""delay_ms"": 50.0, ""loss_pct"": 0.0, ""raw"": ""qdisc netem 804c: root refcnt 2 limit 1000 delay 50ms""}, ""ingress"": true, ""redirect"": true, ""ifb"": true}}"
1789626407.218,c049,done,attempt 1
1789626408.266,c050,start,"{""path"": ""ran"", ""model"": ""qwen2.5:1.5b"", ""prompt"": ""long"", ""loss"": 0, ""delay"": 100, ""sentinel"": false, ""qdisc"": {""netem"": true, ""uplink"": {""delay_ms"": 100.0, ""loss_pct"": 0.0, ""raw"": ""qdisc netem 804d: root refcnt 2 limit 1000 delay 100ms""}, ""downlink"": {""delay_ms"": 100.0, ""loss_pct"": 0.0, ""raw"": ""qdisc netem 804e: root refcnt 2 limit 1000 delay 100ms""}, ""ingress"": true, ""redirect"": true, ""ifb"": true}}"
1789626514.606,c050,done,attempt 1
1789626515.66,c051,start,"{""path"": ""ran"", ""model"": ""qwen2.5:0.5b"", ""prompt"": ""long"", ""loss"": 10, ""delay"": 0, ""sentinel"": false, ""qdisc"": {""netem"": true, ""uplink"": {""delay_ms"": 0.0, ""loss_pct"": 10.0, ""raw"": ""qdisc netem 804f: root refcnt 2 limit 1000 loss 10%""}, ""downlink"": {""delay_ms"": 0.0, ""loss_pct"": 10.0, ""raw"": ""qdisc netem 8050: root refcnt 2 limit 1000 loss 10%""}, ""ingress"": true, ""redirect"": true, ""ifb"": true}}"
1789626608.375,c051,done,attempt 1
1789626609.403,c052,start,"{""path"": ""ran"", ""model"": ""qwen2.5:0.5b"", ""prompt"": ""short"", ""loss"": 20, ""delay"": 0, ""sentinel"": false, ""qdisc"": {""netem"": true, ""uplink"": {""delay_ms"": 0.0, ""loss_pct"": 20.0, ""raw"": ""qdisc netem 8051: root refcnt 2 limit 1000 loss 20%""}, ""downlink"": {""delay_ms"": 0.0, ""loss_pct"": 20.0, ""raw"": ""qdisc netem 8052: root refcnt 2 limit 1000 loss 20%""}, ""ingress"": true, ""redirect"": true, ""ifb"": true}}"
1789626734.839,c052,done,attempt 1
1789626735.87,c053,start,"{""path"": ""ran"", ""model"": ""qwen2.5:0.5b"", ""prompt"": ""short"", ""loss"": 0.5, ""delay"": 0, ""sentinel"": false, ""qdisc"": {""netem"": true, ""uplink"": {""delay_ms"": 0.0, ""loss_pct"": 0.5, ""raw"": ""qdisc netem 8053: root refcnt 2 limit 1000 loss 0.5%""}, ""downlink"": {""delay_ms"": 0.0, ""loss_pct"": 0.5, ""raw"": ""qdisc netem 8054: root refcnt 2 limit 1000 loss 0.5%""}, ""ingress"": true, ""redirect"": true, ""ifb"": true}}"
1789626774.797,c053,done,attempt 1
1789626775.825,c054,start,"{""path"": ""ran"", ""model"": ""qwen2.5:3b"", ""prompt"": ""short"", ""loss"": 0, ""delay"": 20, ""sentinel"": false, ""qdisc"": {""netem"": true, ""uplink"": {""delay_ms"": 20.0, ""loss_pct"": 0.0, ""raw"": ""qdisc netem 8055: root refcnt 2 limit 1000 delay 20ms""}, ""downlink"": {""delay_ms"": 20.0, ""loss_pct"": 0.0, ""raw"": ""qdisc netem 8056: root refcnt 2 limit 1000 delay 20ms""}, ""ingress"": true, ""redirect"": true, ""ifb"": true}}"
1789626850.499,c054,done,attempt 1
1789626851.465,c055,start,"{""path"": ""ran"", ""model"": ""qwen2.5:0.5b"", ""prompt"": ""short"", ""loss"": 0, ""delay"": 0, ""sentinel"": true, ""qdisc"": {""netem"": false, ""uplink"": null, ""downlink"": null, ""ingress"": false, ""redirect"": false, ""ifb"": false}}"
1789626870.338,c055,done,attempt 1
1789626871.402,c056,start,"{""path"": ""ran"", ""model"": ""qwen2.5:1.5b"", ""prompt"": ""short"", ""loss"": 1, ""delay"": 100, ""sentinel"": false, ""qdisc"": {""netem"": true, ""uplink"": {""delay_ms"": 100.0, ""loss_pct"": 1.0, ""raw"": ""qdisc netem 8057: root refcnt 2 limit 1000 delay 100ms loss 1%""}, ""downlink"": {""delay_ms"": 100.0, ""loss_pct"": 1.0, ""raw"": ""qdisc netem 8058: root refcnt 2 limit 1000 delay 100ms loss 1%""}, ""ingress"": true, ""redirect"": true, ""ifb"": true}}"
1789626942.502,c056,done,attempt 1
1789626943.553,c057,start,"{""path"": ""ran"", ""model"": ""qwen2.5:3b"", ""prompt"": ""short"", ""loss"": 10, ""delay"": 0, ""sentinel"": false, ""qdisc"": {""netem"": true, ""uplink"": {""delay_ms"": 0.0, ""loss_pct"": 10.0, ""raw"": ""qdisc netem 8059: root refcnt 2 limit 1000 loss 10%""}, ""downlink"": {""delay_ms"": 0.0, ""loss_pct"": 10.0, ""raw"": ""qdisc netem 805a: root refcnt 2 limit 1000 loss 10%""}, ""ingress"": true, ""redirect"": true, ""ifb"": true}}"
1789627049.927,c057,done,attempt 1
1789627051.11,c058,start,"{""path"": ""ran"", ""model"": ""qwen2.5:3b"", ""prompt"": ""short"", ""loss"": 5, ""delay"": 50, ""sentinel"": false, ""qdisc"": {""netem"": true, ""uplink"": {""delay_ms"": 50.0, ""loss_pct"": 5.0, ""raw"": ""qdisc netem 805b: root refcnt 2 limit 1000 delay 50ms loss 5%""}, ""downlink"": {""delay_ms"": 50.0, ""loss_pct"": 5.0, ""raw"": ""qdisc netem 805c: root refcnt 2 limit 1000 delay 50ms loss 5%""}, ""ingress"": true, ""redirect"": true, ""ifb"": true}}"
1789627139.512,c058,done,attempt 1
1789627140.546,c059,start,"{""path"": ""ran"", ""model"": ""qwen2.5:0.5b"", ""prompt"": ""long"", ""loss"": 1, ""delay"": 0, ""sentinel"": false, ""qdisc"": {""netem"": true, ""uplink"": {""delay_ms"": 0.0, ""loss_pct"": 1.0, ""raw"": ""qdisc netem 805d: root refcnt 2 limit 1000 loss 1%""}, ""downlink"": {""delay_ms"": 0.0, ""loss_pct"": 1.0, ""raw"": ""qdisc netem 805e: root refcnt 2 limit 1000 loss 1%""}, ""ingress"": true, ""redirect"": true, ""ifb"": true}}"
1789627201.029,c059,done,attempt 1
1789627202.057,c060,start,"{""path"": ""ran"", ""model"": ""qwen2.5:0.5b"", ""prompt"": ""short"", ""loss"": 1, ""delay"": 100, ""sentinel"": false, ""qdisc"": {""netem"": true, ""uplink"": {""delay_ms"": 100.0, ""loss_pct"": 1.0, ""raw"": ""qdisc netem 805f: root refcnt 2 limit 1000 delay 100ms loss 1%""}, ""downlink"": {""delay_ms"": 100.0, ""loss_pct"": 1.0, ""raw"": ""qdisc netem 8060: root refcnt 2 limit 1000 delay 100ms loss 1%""}, ""ingress"": true, ""redirect"": true, ""ifb"": true}}"
1789627270.312,c060,done,attempt 1
1789627271.35,c061,start,"{""path"": ""ran"", ""model"": ""qwen2.5:3b"", ""prompt"": ""short"", ""loss"": 0, ""delay"": 200, ""sentinel"": false, ""qdisc"": {""netem"": true, ""uplink"": {""delay_ms"": 200.0, ""loss_pct"": 0.0, ""raw"": ""qdisc netem 8061: root refcnt 2 limit 1000 delay 200ms""}, ""downlink"": {""delay_ms"": 200.0, ""loss_pct"": 0.0, ""raw"": ""qdisc netem 8062: root refcnt 2 limit 1000 delay 200ms""}, ""ingress"": true, ""redirect"": true, ""ifb"": true}}"
1789627388.581,c061,done,attempt 1
1789627389.629,c062,start,"{""path"": ""ran"", ""model"": ""qwen2.5:0.5b"", ""prompt"": ""short"", ""loss"": 5, ""delay"": 0, ""sentinel"": false, ""qdisc"": {""netem"": true, ""uplink"": {""delay_ms"": 0.0, ""loss_pct"": 5.0, ""raw"": ""qdisc netem 8063: root refcnt 2 limit 1000 loss 5%""}, ""downlink"": {""delay_ms"": 0.0, ""loss_pct"": 5.0, ""raw"": ""qdisc netem 8064: root refcnt 2 limit 1000 loss 5%""}, ""ingress"": true, ""redirect"": true, ""ifb"": true}}"
1789627436.743,c062,done,attempt 1
1789627437.79,c063,start,"{""path"": ""ran"", ""model"": ""qwen2.5:3b"", ""prompt"": ""long"", ""loss"": 1, ""delay"": 100, ""sentinel"": false, ""qdisc"": {""netem"": true, ""uplink"": {""delay_ms"": 100.0, ""loss_pct"": 1.0, ""raw"": ""qdisc netem 8065: root refcnt 2 limit 1000 delay 100ms loss 1%""}, ""downlink"": {""delay_ms"": 100.0, ""loss_pct"": 1.0, ""raw"": ""qdisc netem 8066: root refcnt 2 limit 1000 delay 100ms loss 1%""}, ""ingress"": true, ""redirect"": true, ""ifb"": true}}"
1789627564.969,c063,done,attempt 1
1789627566.024,c064,start,"{""path"": ""ran"", ""model"": ""qwen2.5:1.5b"", ""prompt"": ""short"", ""loss"": 0, ""delay"": 200, ""sentinel"": false, ""qdisc"": {""netem"": true, ""uplink"": {""delay_ms"": 200.0, ""loss_pct"": 0.0, ""raw"": ""qdisc netem 8067: root refcnt 2 limit 1000 delay 200ms""}, ""downlink"": {""delay_ms"": 200.0, ""loss_pct"": 0.0, ""raw"": ""qdisc netem 8068: root refcnt 2 limit 1000 delay 200ms""}, ""ingress"": true, ""redirect"": true, ""ifb"": true}}"
1789627665.443,c064,done,attempt 1
1789627666.471,c065,start,"{""path"": ""ran"", ""model"": ""qwen2.5:0.5b"", ""prompt"": ""short"", ""loss"": 0, ""delay"": 100, ""sentinel"": false, ""qdisc"": {""netem"": true, ""uplink"": {""delay_ms"": 100.0, ""loss_pct"": 0.0, ""raw"": ""qdisc netem 8069: root refcnt 2 limit 1000 delay 100ms""}, ""downlink"": {""delay_ms"": 100.0, ""loss_pct"": 0.0, ""raw"": ""qdisc netem 806a: root refcnt 2 limit 1000 delay 100ms""}, ""ingress"": true, ""redirect"": true, ""ifb"": true}}"
1789627734.4,c065,done,attempt 1
1789627735.365,c066,start,"{""path"": ""ran"", ""model"": ""qwen2.5:0.5b"", ""prompt"": ""short"", ""loss"": 0, ""delay"": 0, ""sentinel"": true, ""qdisc"": {""netem"": false, ""uplink"": null, ""downlink"": null, ""ingress"": false, ""redirect"": false, ""ifb"": false}}"
1789627751.818,c066,done,attempt 1
1789627752.85,c067,start,"{""path"": ""ran"", ""model"": ""qwen2.5:3b"", ""prompt"": ""long"", ""loss"": 5, ""delay"": 0, ""sentinel"": false, ""qdisc"": {""netem"": true, ""uplink"": {""delay_ms"": 0.0, ""loss_pct"": 5.0, ""raw"": ""qdisc netem 806b: root refcnt 2 limit 1000 loss 5%""}, ""downlink"": {""delay_ms"": 0.0, ""loss_pct"": 5.0, ""raw"": ""qdisc netem 806c: root refcnt 2 limit 1000 loss 5%""}, ""ingress"": true, ""redirect"": true, ""ifb"": true}}"
1789627857.481,c067,done,attempt 1
1789627858.518,c068,start,"{""path"": ""ran"", ""model"": ""qwen2.5:1.5b"", ""prompt"": ""long"", ""loss"": 5, ""delay"": 50, ""sentinel"": false, ""qdisc"": {""netem"": true, ""uplink"": {""delay_ms"": 50.0, ""loss_pct"": 5.0, ""raw"": ""qdisc netem 806d: root refcnt 2 limit 1000 delay 50ms loss 5%""}, ""downlink"": {""delay_ms"": 50.0, ""loss_pct"": 5.0, ""raw"": ""qdisc netem 806e: root refcnt 2 limit 1000 delay 50ms loss 5%""}, ""ingress"": true, ""redirect"": true, ""ifb"": true}}"
1789627964.013,c068,done,attempt 1
1789627965.076,c069,start,"{""path"": ""ran"", ""model"": ""qwen2.5:0.5b"", ""prompt"": ""short"", ""loss"": 1, ""delay"": 0, ""sentinel"": false, ""qdisc"": {""netem"": true, ""uplink"": {""delay_ms"": 0.0, ""loss_pct"": 1.0, ""raw"": ""qdisc netem 806f: root refcnt 2 limit 1000 loss 1%""}, ""downlink"": {""delay_ms"": 0.0, ""loss_pct"": 1.0, ""raw"": ""qdisc netem 8070: root refcnt 2 limit 1000 loss 1%""}, ""ingress"": true, ""redirect"": true, ""ifb"": true}}"
1789628004.801,c069,done,attempt 1
1789628005.828,c070,start,"{""path"": ""ran"", ""model"": ""qwen2.5:3b"", ""prompt"": ""short"", ""loss"": 5, ""delay"": 0, ""sentinel"": false, ""qdisc"": {""netem"": true, ""uplink"": {""delay_ms"": 0.0, ""loss_pct"": 5.0, ""raw"": ""qdisc netem 8071: root refcnt 2 limit 1000 loss 5%""}, ""downlink"": {""delay_ms"": 0.0, ""loss_pct"": 5.0, ""raw"": ""qdisc netem 8072: root refcnt 2 limit 1000 loss 5%""}, ""ingress"": true, ""redirect"": true, ""ifb"": true}}"
1789628086.366,c070,done,attempt 1
1789628087.399,c071,start,"{""path"": ""ran"", ""model"": ""qwen2.5:1.5b"", ""prompt"": ""short"", ""loss"": 10, ""delay"": 0, ""sentinel"": false, ""qdisc"": {""netem"": true, ""uplink"": {""delay_ms"": 0.0, ""loss_pct"": 10.0, ""raw"": ""qdisc netem 8073: root refcnt 2 limit 1000 loss 10%""}, ""downlink"": {""delay_ms"": 0.0, ""loss_pct"": 10.0, ""raw"": ""qdisc netem 8074: root refcnt 2 limit 1000 loss 10%""}, ""ingress"": true, ""redirect"": true, ""ifb"": true}}"
1789628158.743,c071,done,attempt 1
1789628159.771,c072,start,"{""path"": ""ran"", ""model"": ""qwen2.5:1.5b"", ""prompt"": ""short"", ""loss"": 0, ""delay"": 20, ""sentinel"": false, ""qdisc"": {""netem"": true, ""uplink"": {""delay_ms"": 20.0, ""loss_pct"": 0.0, ""raw"": ""qdisc netem 8075: root refcnt 2 limit 1000 delay 20ms""}, ""downlink"": {""delay_ms"": 20.0, ""loss_pct"": 0.0, ""raw"": ""qdisc netem 8076: root refcnt 2 limit 1000 delay 20ms""}, ""ingress"": true, ""redirect"": true, ""ifb"": true}}"
1789628203.578,c072,done,attempt 1
1789628204.613,c073,start,"{""path"": ""ran"", ""model"": ""qwen2.5:1.5b"", ""prompt"": ""short"", ""loss"": 2, ""delay"": 0, ""sentinel"": false, ""qdisc"": {""netem"": true, ""uplink"": {""delay_ms"": 0.0, ""loss_pct"": 2.0, ""raw"": ""qdisc netem 8077: root refcnt 2 limit 1000 loss 2%""}, ""downlink"": {""delay_ms"": 0.0, ""loss_pct"": 2.0, ""raw"": ""qdisc netem 8078: root refcnt 2 limit 1000 loss 2%""}, ""ingress"": true, ""redirect"": true, ""ifb"": true}}"
1789628245.003,c073,done,attempt 1
1789628245.072,c074,start,"{""path"": ""loopback"", ""model"": ""qwen2.5:1.5b"", ""prompt"": ""long"", ""loss"": 0, ""delay"": 0, ""sentinel"": false, ""qdisc"": {""netem"": false, ""uplink"": null, ""downlink"": null, ""ingress"": false, ""redirect"": false, ""ifb"": false}}"
1789628318.166,c074,done,attempt 1
1789628319.21,c075,start,"{""path"": ""ran"", ""model"": ""qwen2.5:3b"", ""prompt"": ""short"", ""loss"": 5, ""delay"": 100, ""sentinel"": false, ""qdisc"": {""netem"": true, ""uplink"": {""delay_ms"": 100.0, ""loss_pct"": 5.0, ""raw"": ""qdisc netem 8079: root refcnt 2 limit 1000 delay 100ms loss 5%""}, ""downlink"": {""delay_ms"": 100.0, ""loss_pct"": 5.0, ""raw"": ""qdisc netem 807a: root refcnt 2 limit 1000 delay 100ms loss 5%""}, ""ingress"": true, ""redirect"": true, ""ifb"": true}}"
1789628430.311,c075,done,attempt 1
1789628431.339,c076,start,"{""path"": ""ran"", ""model"": ""qwen2.5:1.5b"", ""prompt"": ""long"", ""loss"": 0, ""delay"": 200, ""sentinel"": false, ""qdisc"": {""netem"": true, ""uplink"": {""delay_ms"": 200.0, ""loss_pct"": 0.0, ""raw"": ""qdisc netem 807b: root refcnt 2 limit 1000 delay 200ms""}, ""downlink"": {""delay_ms"": 200.0, ""loss_pct"": 0.0, ""raw"": ""qdisc netem 807c: root refcnt 2 limit 1000 delay 200ms""}, ""ingress"": true, ""redirect"": true, ""ifb"": true}}"
1789628561.237,c076,done,attempt 1
1789628562.185,c077,start,"{""path"": ""ran"", ""model"": ""qwen2.5:0.5b"", ""prompt"": ""short"", ""loss"": 0, ""delay"": 0, ""sentinel"": true, ""qdisc"": {""netem"": false, ""uplink"": null, ""downlink"": null, ""ingress"": false, ""redirect"": false, ""ifb"": false}}"
1789628581.305,c077,done,attempt 1
1789628582.25,c078,start,"{""path"": ""ran"", ""model"": ""qwen2.5:1.5b"", ""prompt"": ""long"", ""loss"": 0, ""delay"": 0, ""sentinel"": false, ""qdisc"": {""netem"": false, ""uplink"": null, ""downlink"": null, ""ingress"": false, ""redirect"": false, ""ifb"": false}}"
1789628663.307,c078,done,attempt 1
1789628664.347,c079,start,"{""path"": ""ran"", ""model"": ""qwen2.5:0.5b"", ""prompt"": ""long"", ""loss"": 20, ""delay"": 0, ""sentinel"": false, ""qdisc"": {""netem"": true, ""uplink"": {""delay_ms"": 0.0, ""loss_pct"": 20.0, ""raw"": ""qdisc netem 807d: root refcnt 2 limit 1000 loss 20%""}, ""downlink"": {""delay_ms"": 0.0, ""loss_pct"": 20.0, ""raw"": ""qdisc netem 807e: root refcnt 2 limit 1000 loss 20%""}, ""ingress"": true, ""redirect"": true, ""ifb"": true}}"
1789628856.527,c079,done,attempt 1
1789628857.564,c080,start,"{""path"": ""ran"", ""model"": ""qwen2.5:1.5b"", ""prompt"": ""long"", ""loss"": 1, ""delay"": 0, ""sentinel"": false, ""qdisc"": {""netem"": true, ""uplink"": {""delay_ms"": 0.0, ""loss_pct"": 1.0, ""raw"": ""qdisc netem 807f: root refcnt 2 limit 1000 loss 1%""}, ""downlink"": {""delay_ms"": 0.0, ""loss_pct"": 1.0, ""raw"": ""qdisc netem 8080: root refcnt 2 limit 1000 loss 1%""}, ""ingress"": true, ""redirect"": true, ""ifb"": true}}"
1789628941.161,c080,done,attempt 1
1789628942.218,c081,start,"{""path"": ""ran"", ""model"": ""qwen2.5:0.5b"", ""prompt"": ""long"", ""loss"": 1, ""delay"": 100, ""sentinel"": false, ""qdisc"": {""netem"": true, ""uplink"": {""delay_ms"": 100.0, ""loss_pct"": 1.0, ""raw"": ""qdisc netem 8081: root refcnt 2 limit 1000 delay 100ms loss 1%""}, ""downlink"": {""delay_ms"": 100.0, ""loss_pct"": 1.0, ""raw"": ""qdisc netem 8082: root refcnt 2 limit 1000 delay 100ms loss 1%""}, ""ingress"": true, ""redirect"": true, ""ifb"": true}}"
1789629027.566,c081,done,attempt 1
1789629028.61,c082,start,"{""path"": ""ran"", ""model"": ""qwen2.5:0.5b"", ""prompt"": ""long"", ""loss"": 2, ""delay"": 0, ""sentinel"": false, ""qdisc"": {""netem"": true, ""uplink"": {""delay_ms"": 0.0, ""loss_pct"": 2.0, ""raw"": ""qdisc netem 8083: root refcnt 2 limit 1000 loss 2%""}, ""downlink"": {""delay_ms"": 0.0, ""loss_pct"": 2.0, ""raw"": ""qdisc netem 8084: root refcnt 2 limit 1000 loss 2%""}, ""ingress"": true, ""redirect"": true, ""ifb"": true}}"
1789629087.438,c082,done,attempt 1
1789629088.383,c083,start,"{""path"": ""ran"", ""model"": ""qwen2.5:3b"", ""prompt"": ""long"", ""loss"": 0, ""delay"": 0, ""sentinel"": false, ""qdisc"": {""netem"": false, ""uplink"": null, ""downlink"": null, ""ingress"": false, ""redirect"": false, ""ifb"": false}}"
1789629185.299,c083,done,attempt 1
1789629186.328,c084,start,"{""path"": ""ran"", ""model"": ""qwen2.5:1.5b"", ""prompt"": ""short"", ""loss"": 5, ""delay"": 100, ""sentinel"": false, ""qdisc"": {""netem"": true, ""uplink"": {""delay_ms"": 100.0, ""loss_pct"": 5.0, ""raw"": ""qdisc netem 8085: root refcnt 2 limit 1000 delay 100ms loss 5%""}, ""downlink"": {""delay_ms"": 100.0, ""loss_pct"": 5.0, ""raw"": ""qdisc netem 8086: root refcnt 2 limit 1000 delay 100ms loss 5%""}, ""ingress"": true, ""redirect"": true, ""ifb"": true}}"
1789629274.623,c084,done,attempt 1
1789629275.592,c085,start,"{""path"": ""ran"", ""model"": ""qwen2.5:1.5b"", ""prompt"": ""short"", ""loss"": 0, ""delay"": 0, ""sentinel"": false, ""qdisc"": {""netem"": false, ""uplink"": null, ""downlink"": null, ""ingress"": false, ""redirect"": false, ""ifb"": false}}"
1789629314.111,c085,done,attempt 1
1789629315.162,c086,start,"{""path"": ""ran"", ""model"": ""qwen2.5:1.5b"", ""prompt"": ""short"", ""loss"": 0, ""delay"": 50, ""sentinel"": false, ""qdisc"": {""netem"": true, ""uplink"": {""delay_ms"": 50.0, ""loss_pct"": 0.0, ""raw"": ""qdisc netem 8087: root refcnt 2 limit 1000 delay 50ms""}, ""downlink"": {""delay_ms"": 50.0, ""loss_pct"": 0.0, ""raw"": ""qdisc netem 8088: root refcnt 2 limit 1000 delay 50ms""}, ""ingress"": true, ""redirect"": true, ""ifb"": true}}"
1789629365.316,c086,done,attempt 1
1789629366.35,c087,start,"{""path"": ""ran"", ""model"": ""qwen2.5:0.5b"", ""prompt"": ""long"", ""loss"": 0, ""delay"": 200, ""sentinel"": false, ""qdisc"": {""netem"": true, ""uplink"": {""delay_ms"": 200.0, ""loss_pct"": 0.0, ""raw"": ""qdisc netem 8089: root refcnt 2 limit 1000 delay 200ms""}, ""downlink"": {""delay_ms"": 200.0, ""loss_pct"": 0.0, ""raw"": ""qdisc netem 808a: root refcnt 2 limit 1000 delay 200ms""}, ""ingress"": true, ""redirect"": true, ""ifb"": true}}"
1789629474.012,c087,done,attempt 1
1789629474.958,c088,start,"{""path"": ""ran"", ""model"": ""qwen2.5:0.5b"", ""prompt"": ""short"", ""loss"": 0, ""delay"": 0, ""sentinel"": true, ""qdisc"": {""netem"": false, ""uplink"": null, ""downlink"": null, ""ingress"": false, ""redirect"": false, ""ifb"": false}}"
1789629491.453,c088,done,attempt 1
1789629492.511,c089,start,"{""path"": ""ran"", ""model"": ""qwen2.5:1.5b"", ""prompt"": ""long"", ""loss"": 5, ""delay"": 0, ""sentinel"": false, ""qdisc"": {""netem"": true, ""uplink"": {""delay_ms"": 0.0, ""loss_pct"": 5.0, ""raw"": ""qdisc netem 808b: root refcnt 2 limit 1000 loss 5%""}, ""downlink"": {""delay_ms"": 0.0, ""loss_pct"": 5.0, ""raw"": ""qdisc netem 808c: root refcnt 2 limit 1000 loss 5%""}, ""ingress"": true, ""redirect"": true, ""ifb"": true}}"
1789629580.991,c089,done,attempt 1
1789629582.056,c090,start,"{""path"": ""ran"", ""model"": ""qwen2.5:1.5b"", ""prompt"": ""short"", ""loss"": 5, ""delay"": 0, ""sentinel"": false, ""qdisc"": {""netem"": true, ""uplink"": {""delay_ms"": 0.0, ""loss_pct"": 5.0, ""raw"": ""qdisc netem 808d: root refcnt 2 limit 1000 loss 5%""}, ""downlink"": {""delay_ms"": 0.0, ""loss_pct"": 5.0, ""raw"": ""qdisc netem 808e: root refcnt 2 limit 1000 loss 5%""}, ""ingress"": true, ""redirect"": true, ""ifb"": true}}"
1789629630.833,c090,done,attempt 1
1789629631.863,c091,start,"{""path"": ""ran"", ""model"": ""qwen2.5:0.5b"", ""prompt"": ""short"", ""loss"": 1, ""delay"": 50, ""sentinel"": false, ""qdisc"": {""netem"": true, ""uplink"": {""delay_ms"": 50.0, ""loss_pct"": 1.0, ""raw"": ""qdisc netem 808f: root refcnt 2 limit 1000 delay 50ms loss 1%""}, ""downlink"": {""delay_ms"": 50.0, ""loss_pct"": 1.0, ""raw"": ""qdisc netem 8090: root refcnt 2 limit 1000 delay 50ms loss 1%""}, ""ingress"": true, ""redirect"": true, ""ifb"": true}}"
1789629685.507,c091,done,attempt 1
1789629686.534,c092,start,"{""path"": ""ran"", ""model"": ""qwen2.5:1.5b"", ""prompt"": ""long"", ""loss"": 1, ""delay"": 50, ""sentinel"": false, ""qdisc"": {""netem"": true, ""uplink"": {""delay_ms"": 50.0, ""loss_pct"": 1.0, ""raw"": ""qdisc netem 8091: root refcnt 2 limit 1000 delay 50ms loss 1%""}, ""downlink"": {""delay_ms"": 50.0, ""loss_pct"": 1.0, ""raw"": ""qdisc netem 8092: root refcnt 2 limit 1000 delay 50ms loss 1%""}, ""ingress"": true, ""redirect"": true, ""ifb"": true}}"
1789629781.72,c092,done,attempt 1
1789629782.767,c093,start,"{""path"": ""ran"", ""model"": ""qwen2.5:0.5b"", ""prompt"": ""short"", ""loss"": 0, ""delay"": 20, ""sentinel"": false, ""qdisc"": {""netem"": true, ""uplink"": {""delay_ms"": 20.0, ""loss_pct"": 0.0, ""raw"": ""qdisc netem 8093: root refcnt 2 limit 1000 delay 20ms""}, ""downlink"": {""delay_ms"": 20.0, ""loss_pct"": 0.0, ""raw"": ""qdisc netem 8094: root refcnt 2 limit 1000 delay 20ms""}, ""ingress"": true, ""redirect"": true, ""ifb"": true}}"
1789629826.186,c093,done,attempt 1
1789629827.224,c094,start,"{""path"": ""ran"", ""model"": ""qwen2.5:3b"", ""prompt"": ""short"", ""loss"": 1, ""delay"": 50, ""sentinel"": false, ""qdisc"": {""netem"": true, ""uplink"": {""delay_ms"": 50.0, ""loss_pct"": 1.0, ""raw"": ""qdisc netem 8095: root refcnt 2 limit 1000 delay 50ms loss 1%""}, ""downlink"": {""delay_ms"": 50.0, ""loss_pct"": 1.0, ""raw"": ""qdisc netem 8096: root refcnt 2 limit 1000 delay 50ms loss 1%""}, ""ingress"": true, ""redirect"": true, ""ifb"": true}}"
1789629911.515,c094,done,attempt 1
1789629912.549,c095,start,"{""path"": ""ran"", ""model"": ""qwen2.5:3b"", ""prompt"": ""long"", ""loss"": 0, ""delay"": 20, ""sentinel"": false, ""qdisc"": {""netem"": true, ""uplink"": {""delay_ms"": 20.0, ""loss_pct"": 0.0, ""raw"": ""qdisc netem 8097: root refcnt 2 limit 1000 delay 20ms""}, ""downlink"": {""delay_ms"": 20.0, ""loss_pct"": 0.0, ""raw"": ""qdisc netem 8098: root refcnt 2 limit 1000 delay 20ms""}, ""ingress"": true, ""redirect"": true, ""ifb"": true}}"
1789630011.926,c095,done,attempt 1
1789630012.976,c096,start,"{""path"": ""ran"", ""model"": ""qwen2.5:0.5b"", ""prompt"": ""short"", ""loss"": 2, ""delay"": 0, ""sentinel"": false, ""qdisc"": {""netem"": true, ""uplink"": {""delay_ms"": 0.0, ""loss_pct"": 2.0, ""raw"": ""qdisc netem 8099: root refcnt 2 limit 1000 loss 2%""}, ""downlink"": {""delay_ms"": 0.0, ""loss_pct"": 2.0, ""raw"": ""qdisc netem 809a: root refcnt 2 limit 1000 loss 2%""}, ""ingress"": true, ""redirect"": true, ""ifb"": true}}"
1789630055.986,c096,done,attempt 1
1789630056.96,c097,start,"{""path"": ""ran"", ""model"": ""qwen2.5:0.5b"", ""prompt"": ""short"", ""loss"": 0, ""delay"": 0, ""sentinel"": false, ""qdisc"": {""netem"": false, ""uplink"": null, ""downlink"": null, ""ingress"": false, ""redirect"": false, ""ifb"": false}}"
1789630093.45,c097,done,attempt 1
1789630094.481,c098,start,"{""path"": ""ran"", ""model"": ""qwen2.5:0.5b"", ""prompt"": ""short"", ""loss"": 10, ""delay"": 0, ""sentinel"": false, ""qdisc"": {""netem"": true, ""uplink"": {""delay_ms"": 0.0, ""loss_pct"": 10.0, ""raw"": ""qdisc netem 809b: root refcnt 2 limit 1000 loss 10%""}, ""downlink"": {""delay_ms"": 0.0, ""loss_pct"": 10.0, ""raw"": ""qdisc netem 809c: root refcnt 2 limit 1000 loss 10%""}, ""ingress"": true, ""redirect"": true, ""ifb"": true}}"
1789630150.323,c098,done,attempt 1
1789630151.267,c099,start,"{""path"": ""ran"", ""model"": ""qwen2.5:0.5b"", ""prompt"": ""short"", ""loss"": 0, ""delay"": 0, ""sentinel"": true, ""qdisc"": {""netem"": false, ""uplink"": null, ""downlink"": null, ""ingress"": false, ""redirect"": false, ""ifb"": false}}"
1789630167.509,c099,done,attempt 1
1789630168.536,c100,start,"{""path"": ""ran"", ""model"": ""qwen2.5:3b"", ""prompt"": ""long"", ""loss"": 1, ""delay"": 50, ""sentinel"": false, ""qdisc"": {""netem"": true, ""uplink"": {""delay_ms"": 50.0, ""loss_pct"": 1.0, ""raw"": ""qdisc netem 809d: root refcnt 2 limit 1000 delay 50ms loss 1%""}, ""downlink"": {""delay_ms"": 50.0, ""loss_pct"": 1.0, ""raw"": ""qdisc netem 809e: root refcnt 2 limit 1000 delay 50ms loss 1%""}, ""ingress"": true, ""redirect"": true, ""ifb"": true}}"
1789630282.597,c100,done,attempt 1
1789630283.659,c101,start,"{""path"": ""ran"", ""model"": ""qwen2.5:1.5b"", ""prompt"": ""long"", ""loss"": 10, ""delay"": 0, ""sentinel"": false, ""qdisc"": {""netem"": true, ""uplink"": {""delay_ms"": 0.0, ""loss_pct"": 10.0, ""raw"": ""qdisc netem 809f: root refcnt 2 limit 1000 loss 10%""}, ""downlink"": {""delay_ms"": 0.0, ""loss_pct"": 10.0, ""raw"": ""qdisc netem 80a0: root refcnt 2 limit 1000 loss 10%""}, ""ingress"": true, ""redirect"": true, ""ifb"": true}}"
1789630411.721,c101,done,attempt 1
1789630412.777,c102,start,"{""path"": ""ran"", ""model"": ""qwen2.5:1.5b"", ""prompt"": ""long"", ""loss"": 20, ""delay"": 0, ""sentinel"": false, ""qdisc"": {""netem"": true, ""uplink"": {""delay_ms"": 0.0, ""loss_pct"": 20.0, ""raw"": ""qdisc netem 80a1: root refcnt 2 limit 1000 loss 20%""}, ""downlink"": {""delay_ms"": 0.0, ""loss_pct"": 20.0, ""raw"": ""qdisc netem 80a2: root refcnt 2 limit 1000 loss 20%""}, ""ingress"": true, ""redirect"": true, ""ifb"": true}}"
1789630609.333,c102,done,attempt 1
1789630610.383,c103,start,"{""path"": ""ran"", ""model"": ""qwen2.5:3b"", ""prompt"": ""long"", ""loss"": 5, ""delay"": 50, ""sentinel"": false, ""qdisc"": {""netem"": true, ""uplink"": {""delay_ms"": 50.0, ""loss_pct"": 5.0, ""raw"": ""qdisc netem 80a3: root refcnt 2 limit 1000 delay 50ms loss 5%""}, ""downlink"": {""delay_ms"": 50.0, ""loss_pct"": 5.0, ""raw"": ""qdisc netem 80a4: root refcnt 2 limit 1000 delay 50ms loss 5%""}, ""ingress"": true, ""redirect"": true, ""ifb"": true}}"
1789630727.973,c103,done,attempt 1
1789630729.026,c104,start,"{""path"": ""ran"", ""model"": ""qwen2.5:3b"", ""prompt"": ""short"", ""loss"": 1, ""delay"": 0, ""sentinel"": false, ""qdisc"": {""netem"": true, ""uplink"": {""delay_ms"": 0.0, ""loss_pct"": 1.0, ""raw"": ""qdisc netem 80a5: root refcnt 2 limit 1000 loss 1%""}, ""downlink"": {""delay_ms"": 0.0, ""loss_pct"": 1.0, ""raw"": ""qdisc netem 80a6: root refcnt 2 limit 1000 loss 1%""}, ""ingress"": true, ""redirect"": true, ""ifb"": true}}"
1789630799.003,c104,done,attempt 1
1789630800.057,c105,start,"{""path"": ""ran"", ""model"": ""qwen2.5:0.5b"", ""prompt"": ""short"", ""loss"": 5, ""delay"": 50, ""sentinel"": false, ""qdisc"": {""netem"": true, ""uplink"": {""delay_ms"": 50.0, ""loss_pct"": 5.0, ""raw"": ""qdisc netem 80a7: root refcnt 2 limit 1000 delay 50ms loss 5%""}, ""downlink"": {""delay_ms"": 50.0, ""loss_pct"": 5.0, ""raw"": ""qdisc netem 80a8: root refcnt 2 limit 1000 delay 50ms loss 5%""}, ""ingress"": true, ""redirect"": true, ""ifb"": true}}"
1789630863.59,c105,done,attempt 1
1789630864.561,c106,start,"{""path"": ""ran"", ""model"": ""qwen2.5:0.5b"", ""prompt"": ""short"", ""loss"": 0, ""delay"": 0, ""sentinel"": true, ""qdisc"": {""netem"": false, ""uplink"": null, ""downlink"": null, ""ingress"": false, ""redirect"": false, ""ifb"": false}}"
1789630880.787,c106,done,attempt 1
