"Image Name","PID","Session Name","Session#","Mem Usage"
"System Idle Process","0","Services","0","8 K"
"System","4","Services","0","5,300 K"
"Secure System","332","Services","0","68,456 K"
"Registry","376","Services","0","40,784 K"
"smss.exe","1136","Services","0","1,312 K"
"csrss.exe","1640","Services","0","7,292 K"
"wininit.exe","1772","Services","0","9,604 K"
"services.exe","1888","Services","0","19,428 K"
"LsaIso.exe","1940","Services","0","3,792 K"
"lsass.exe","1952","Services","0","23,972 K"
"svchost.exe","1236","Services","0","33,316 K"
"fontdrvhost.exe","1272","Services","0","4,408 K"
"WUDFHost.exe","1120","Services","0","8,380 K"
"svchost.exe","2108","Services","0","22,876 K"
"svchost.exe","2160","Services","0","12,524 K"
"WUDFHost.exe","2188","Services","0","17,692 K"
"svchost.exe","2340","Services","0","6,900 K"
"svchost.exe","2396","Services","0","15,656 K"
"svchost.exe","2404","Services","0","17,236 K"
"svchost.exe","2412","Services","0","10,196 K"
"svchost.exe","2596","Services","0","17,680 K"
"svchost.exe","2624","Services","0","13,664 K"
"svchost.exe","2632","Services","0","13,556 K"
"svchost.exe","2640","Services","0","15,152 K"
"svchost.exe","2792","Services","0","12,140 K"
"svchost.exe","2800","Services","0","12,420 K"
"svchost.exe","2836","Services","0","7,812 K"
"svchost.exe","2844","Services","0","7,620 K"
"svchost.exe","2960","Services","0","13,972 K"
"svchost.exe","3092","Services","0","22,260 K"
"svchost.exe","3360","Services","0","27,848 K"
"svchost.exe","3368","Services","0","9,584 K"
"svchost.exe","3500","Services","0","11,440 K"
"svchost.exe","3704","Services","0","16,204 K"
"NVDisplay.Container.exe","3816","Services","0","26,524 K"
"svchost.exe","3852","Services","0","26,728 K"
"svchost.exe","3884","Services","0","17,760 K"
"svchost.exe","3936","Services","0","9,732 K"
"svchost.exe","3944","Services","0","12,048 K"
"svchost.exe","3952","Services","0","7,456 K"
"Memory Compression","4040","Services","0","271,360 K"
"svchost.exe","4088","Services","0","8,764 K"
"svchost.exe","4108","Services","0","9,984 K"
"svchost.exe","4116","Services","0","19,164 K"
"svchost.exe","4124","Services","0","7,284 K"
"svchost.exe","4244","Services","0","7,036 K"
"svchost.exe","4280","Services","0","17,252 K"
"svchost.exe","4340","Services","0","8,024 K"
"svchost.exe","4808","Services","0","6,996 K"
"svchost.exe","4816","Services","0","8,232 K"
"PulseSecureService.exe","4824","Services","0","17,584 K"
"svchost.exe","4900","Services","0","6,144 K"
"svchost.exe","4940","Services","0","7,564 K"
"svchost.exe","5008","Services","0","10,520 K"
"svchost.exe","5036","Services","0","16,468 K"
"svchost.exe","4336","Services","0","9,148 K"
"svchost.exe","4856","Services","0","24,264 K"
"svchost.exe","5184","Services","0","26,704 K"
"svchost.exe","5272","Services","0","9,612 K"
"svchost.exe","5564","Services","0","11,820 K"
"svchost.exe","5804","Services","0","16,768 K"
"svchost.exe","5960","Services","0","10,060 K"
"spoolsv.exe","6056","Services","0","8,868 K"
"svchost.exe","5208","Services","0","9,760 K"
"svchost.exe","6216","Services","0","58,304 K"
"SpitCamSrv.exe","6232","Services","0","10,740 K"
"svchost.exe","6268","Services","0","50,020 K"
"ElevocControlService.exe","6292","Services","0","10,252 K"
"GameInputRedistService.exe","6300","Services","0","14,024 K"
"Lenovo.Modern.ImController.exe","6316","Services","0","31,964 K"
"VoiceAssistantService.exe","6324","Services","0","11,416 K"
"LenovoUtilityService.exe","6332","Services","0","16,264 K"
"LenovoVantageService.exe","6340","Services","0","54,628 K"
"jhi_service.exe","6348","Services","0","8,192 K"
"LenovoWMService.exe","6388","Services","0","8,720 K"
"IntelAudioService.exe","6380","Services","0","14,220 K"
"OfficeClickToRun.exe","6396","Services","0","21,448 K"
"svchost.exe","6412","Services","0","7,112 K"
"ipfsvc.exe","6404","Services","0","6,380 K"
"RZTHXService.exe","6420","Services","0","14,860 K"
"svchost.exe","6428","Services","0","20,080 K"
"nvcontainer.exe","6436","Services","0","22,408 K"
"RtkAudUService64.exe","6444","Services","0","16,936 K"
"VSSrv.exe","6452","Services","0","14,096 K"
"RzUpdateEngineService.exe","6460","Services","0","18,164 K"
"MpDefenderCoreService.exe","6476","Services","0","19,924 K"
"Tobii.Service.exe","6484","Services","0","13,580 K"
"GameManagerService.exe","6492","Services","0","8,608 K"
"UDClientService.exe","6500","Services","0","35,052 K"
"RazerCentralService.exe","6508","Services","0","16,036 K"
"svchost.exe","6516","Services","0","14,848 K"
"MsMpEng.exe","6556","Services","0","389,216 K"
"WMIRegistrationService.exe","6592","Services","0","14,996 K"
"lghub_updater.exe","6832","Services","0","9,004 K"
"logi_lamparray_service.AMD64.exe","6840","Services","0","9,556 K"
"ipf_uf.exe","7276","Services","0","7,964 K"
"WmiPrvSE.exe","7808","Services","0","19,684 K"
"svchost.exe","8772","Services","0","10,984 K"
"PulseSecureService.exe","8200","Services","0","15,516 K"
"svchost.exe","8832","Services","0","31,428 K"
"svchost.exe","8716","Services","0","42,948 K"
"gamingservices.exe","9268","Services","0","27,228 K"
"gamingservicesnet.exe","9276","Services","0","11,804 K"
"svchost.exe","9392","Services","0","9,396 K"
"WUDFHost.exe","9760","Services","0","13,392 K"
"wlanext.exe","10100","Services","0","8,252 K"
"AggregatorHost.exe","10300","Services","0","14,488 K"
"Razer Synapse Service.exe","10712","Services","0","41,616 K"
"WUDFHost.exe","10900","Services","0","7,400 K"
"svchost.exe","9408","Services","0","13,864 K"
"NgcIso.exe","10792","Services","0","3,900 K"
"WUDFHost.exe","11056","Services","0","7,836 K"
"svchost.exe","11472","Services","0","12,492 K"
"svchost.exe","11532","Services","0","10,216 K"
"svchost.exe","11744","Services","0","5,840 K"
"svchost.exe","8620","Services","0","15,176 K"
"svchost.exe","11328","Services","0","16,416 K"
"svchost.exe","4936","Services","0","31,152 K"
"GameInputSvc.exe","6168","Services","0","7,340 K"
"NisSrv.exe","12788","Services","0","14,108 K"
"WmiPrvSE.exe","13012","Services","0","15,976 K"
"unsecapp.exe","9208","Services","0","14,784 K"
"svchost.exe","13372","Services","0","22,864 K"
"svchost.exe","13664","Services","0","17,840 K"
"svchost.exe","13976","Services","0","19,540 K"
"SecurityHealthService.exe","20456","Services","0","16,216 K"
"svchost.exe","3376","Services","0","16,320 K"
"LenovoVantage-(VantageCoreAddin).exe","19244","Services","0","8,944 K"
"SearchIndexer.exe","4840","Services","0","37,532 K"
"LenovoVantage-(LenovoGamingSystemAddin).exe","7844","Services","0","14,644 K"
"AppProvisioningPlugin.exe","6760","Services","0","10,864 K"
"conhost.exe","7640","Services","0","10,396 K"
"svchost.exe","29380","Services","0","10,572 K"
"svchost.exe","2944","Services","0","9,232 K"
"svchost.exe","29240","Services","0","21,540 K"
"svchost.exe","26704","Services","0","24,720 K"
"svchost.exe","14928","Services","0","27,760 K"
"svchost.exe","29652","Services","0","16,656 K"
"svchost.exe","26060","Services","0","10,956 K"
"svchost.exe","28736","Services","0","27,180 K"
"svchost.exe","29520","Services","0","15,520 K"
"svchost.exe","25232","Services","0","9,096 K"
"svchost.exe","30012","Services","0","11,708 K"
"Locator.exe","3996","Services","0","4,700 K"
"WmiApSrv.exe","27980","Services","0","10,564 K"
"svchost.exe","28044","Services","0","9,052 K"
"MidiSrv.exe","28916","Services","0","14,452 K"
"csrss.exe","11712","Console","2","7,548 K"
"winlogon.exe","22348","Console","2","28,656 K"
"fontdrvhost.exe","7840","Console","2","9,832 K"
"dwm.exe","30792","Console","2","89,000 K"
"GameInputSvc.exe","11128","Console","2","17,008 K"
"NVDisplay.Container.exe","27552","Console","2","50,740 K"
"nvcontainer.exe","23608","Console","2","33,232 K"
"GameInputRedistService.exe","22968","Console","2","10,460 K"
"ipf_helper.exe","14712","Console","2","8,792 K"
"DefenderSessionHelper.exe","22460","Console","2","5,032 K"
"VSHelper.exe","23240","Console","2","9,084 K"
"nvcontainer.exe","5600","Console","2","18,212 K"
"sihost.exe","33652","Console","2","30,976 K"
"svchost.exe","14980","Console","2","9,032 K"
"svchost.exe","15016","Console","2","33,816 K"
"nvcontainer.exe","5352","Console","2","66,840 K"
"svchost.exe","8700","Console","2","7,344 K"
"svchost.exe","20984","Console","2","25,668 K"
"taskhostw.exe","11040","Console","2","16,592 K"
"FnHotkeyCapsLKNumLK.exe","7624","Console","2","11,968 K"
"FnHotkeyUtility.exe","18052","Console","2","19,588 K"
"explorer.exe","10848","Console","2","272,372 K"
"ShellHost.exe","11120","Console","2","20,588 K"
"unsecapp.exe","12256","Console","2","7,476 K"
"CrossDeviceResume.exe","10228","Console","2","32,944 K"
"svchost.exe","24228","Services","0","9,120 K"
"svchost.exe","22676","Console","2","26,032 K"
"CrossDeviceService.exe","16440","Console","2","38,512 K"
"SearchHost.exe","25324","Console","2","122,828 K"
"StartMenuExperienceHost.exe","19736","Console","2","134,272 K"
"WidgetBoard.exe","19188","Console","2","19,208 K"
"Razer Synapse Service Process.exe","18788","Console","2","44,896 K"
"nvsphelper64.exe","31424","Console","2","13,084 K"
"NVIDIA Overlay.exe","21300","Console","2","90,456 K"
"RuntimeBroker.exe","10396","Console","2","63,232 K"
"svchost.exe","31252","Console","2","31,708 K"
"UserOOBEBroker.exe","24640","Console","2","8,656 K"
"unsecapp.exe","28560","Console","2","9,424 K"
"RuntimeBroker.exe","29204","Console","2","14,436 K"
"NVIDIA Overlay.exe","15264","Console","2","55,732 K"
"msedgewebview2.exe","19528","Console","2","93,892 K"
"NVIDIA Overlay.exe","19648","Console","2","24,080 K"
"msedgewebview2.exe","23620","Console","2","12,564 K"
"NVIDIA Overlay.exe","14104","Console","2","9,088 K"
"msedgewebview2.exe","31752","Console","2","34,252 K"
"msedgewebview2.exe","26284","Console","2","63,732 K"
"msedgewebview2.exe","12964","Console","2","13,044 K"
"msedgewebview2.exe","28416","Console","2","152,216 K"
"MessagingPlugin.exe","30544","Console","2","30,528 K"
"conhost.exe","13992","Console","2","5,036 K"
"NVIDIA Overlay.exe","31596","Console","2","47,892 K"
"ctfmon.exe","29396","Console","2","24,952 K"
"TextInputHost.exe","25120","Console","2","41,500 K"
"SecurityHealthSystray.exe","22396","Console","2","9,724 K"
"RtkAudUService64.exe","31844","Console","2","14,576 K"
"RZTHXHelper.exe","30512","Console","2","10,556 K"
"OneDrive.exe","12212","Console","2","96,364 K"
"WidgetService.exe","6224","Console","2","24,236 K"
"MicrosoftStartFeedProvider.exe","25468","Console","2","36,852 K"
"svchost.exe","35804","Console","2","13,028 K"
"svchost.exe","20452","Services","0","8,240 K"
"ShellExperienceHost.exe","17716","Console","2","42,284 K"
"RuntimeBroker.exe","25824","Console","2","10,836 K"
"Nahimic3.exe","25124","Console","2","5,212 K"
"FileCoAuth.exe","11372","Console","2","25,916 K"
"svchost.exe","2876","Console","2","20,492 K"
"RuntimeBroker.exe","20728","Console","2","10,128 K"
"LenovoVantage-(GenericMessagingAddin).exe","34108","Console","2","9,200 K"
"backgroundTaskHost.exe","8156","Console","2","5,392 K"
"RuntimeBroker.exe","25088","Console","2","9,456 K"
"ApplicationFrameHost.exe","29632","Console","2","33,968 K"
"SystemSettings.exe","31216","Console","2","158,884 K"
"svchost.exe","27440","Console","2","10,336 K"
"AppActions.exe","16884","Console","2","18,920 K"
"OneDrive.Sync.Service.exe","34084","Console","2","21,680 K"
"SDXHelper.exe","33908","Console","2","23,072 K"
"svchost.exe","3472","Services","0","9,348 K"
"LockApp.exe","14304","Console","2","72,716 K"
"RuntimeBroker.exe","32260","Console","2","38,700 K"
"svchost.exe","25580","Services","0","8,060 K"
"platform_runtime_RGB_service.exe","23916","Services","0","119,700 K"
"platform_runtime_RGB_service.exe","3832","Services","0","111,776 K"
"svchost.exe","24760","Services","0","7,532 K"
"backgroundTaskHost.exe","3296","Console","2","75,028 K"
"RuntimeBroker.exe","13968","Console","2","33,796 K"
"dllhost.exe","5024","Console","2","17,252 K"
"dllhost.exe","33816","Console","2","16,456 K"
"powershell.exe","17764","Console","2","65,476 K"
"conhost.exe","22068","Console","2","26,176 K"
"IntelGraphicsSoftware.Service.exe","7180","Services","0","53,360 K"
"PresentMonService.exe","35380","Services","0","13,228 K"
"conhost.exe","6884","Services","0","7,216 K"
"wsl.exe","18988","Console","2","8,000 K"
"wsl.exe","4996","Console","2","38,532 K"
"wslservice.exe","35680","Services","0","39,792 K"
"vmcompute.exe","21784","Services","0","15,056 K"
"wslhost.exe","23248","Console","2","10,572 K"
"conhost.exe","16752","Console","2","10,036 K"
"svchost.exe","22284","Services","0","10,516 K"
"PhoneExperienceHost.exe","28024","Console","2","163,148 K"
"svchost.exe","35036","Services","0","12,048 K"
"svchost.exe","25848","Services","0","10,368 K"
"WmiPrvSE.exe","22828","Services","0","20,060 K"
"smartscreen.exe","27256","Console","2","13,548 K"
"wsl.exe","25624","Console","2","13,604 K"
"conhost.exe","20204","Console","2","11,084 K"
"OpenConsole.exe","25128","Console","2","21,964 K"
"WindowsTerminal.exe","28728","Console","2","99,544 K"
"vmwp.exe","32464","Services","0","35,128 K"
"vmmemWSL","30760","Services","0","4,853,568 K"
"dllhost.exe","29700","Console","2","11,716 K"
"dllhost.exe","23032","Console","2","12,804 K"
"wslrelay.exe","15832","Console","2","10,796 K"
"wslhost.exe","7184","Console","2","12,592 K"
"conhost.exe","1788","Console","2","10,704 K"
"msrdc.exe","22172","Console","2","65,040 K"
"wslhost.exe","16184","Console","2","12,704 K"
"conhost.exe","7956","Console","2","10,716 K"
"audiodg.exe","17620","Services","0","14,068 K"
"wslhost.exe","22252","Console","2","12,128 K"
"conhost.exe","4168","Console","2","10,712 K"
"tasklist.exe","25688","Console","2","12,304 K"
"conhost.exe","26680","Console","2","8,096 K"
