run_id,request_id,seq,warmup,path,model,prompt_id,loss_pct,delay_ms,condition,wall_start,wall_end,ttft_ms,total_ms,connect_ms,headers_ms,tokens,eval_count,tokens_per_s,ok,failure,detail,loadavg_1m
m5-gate,121bee46f2e2,0,1,ran,qwen2.5:0.5b,short,0,0,before,1789617391.017632,1789617391.181815,70.454,164.048,32.616,70.409,24,25,245.742,1,,,2.13
m5-gate,80202edaebd4,1,1,ran,qwen2.5:0.5b,short,0,0,before,1789617391.682041,1789617391.829632,63.057,147.469,33.017,63.026,24,25,272.472,1,,,2.20
m5-gate,81d7fc5007f1,2,1,ran,qwen2.5:0.5b,short,0,0,before,1789617392.32982,1789617392.475123,51.758,145.153,22.628,51.723,24,25,246.265,1,,,2.20
m5-gate,d53817503eb7,3,0,ran,qwen2.5:0.5b,short,0,0,before,1789617392.975361,1789617393.123626,52.105,148.128,19.757,52.062,24,25,239.527,1,,,2.20
m5-gate,e3c0180b8600,4,0,ran,qwen2.5:0.5b,short,0,0,before,1789617393.623826,1789617393.782603,66.125,158.538,35.973,66.096,24,25,248.882,1,,,2.20
m5-gate,d2e026d45f8b,5,0,ran,qwen2.5:0.5b,short,0,0,before,1789617394.282797,1789617394.428463,58.23,145.535,30.589,58.179,24,25,263.444,1,,,2.20
m5-gate,52b5d3632405,6,0,ran,qwen2.5:0.5b,short,0,0,before,1789617394.928675,1789617395.072715,49.454,143.895,20.168,49.425,24,25,243.537,1,,,2.20
m5-gate,bf7a55e5923d,7,0,ran,qwen2.5:0.5b,short,0,0,before,1789617395.572874,1789617395.731158,62.835,158.083,34.133,62.802,24,25,241.474,1,,,2.20
m5-gate,c7df77391800,8,0,ran,qwen2.5:0.5b,short,0,0,before,1789617396.231488,1789617396.38445,58.177,152.801,27.819,58.147,24,25,243.068,1,,,2.20
m5-gate,0a38752affc0,9,0,ran,qwen2.5:0.5b,short,0,0,before,1789617396.884656,1789617397.035656,65.297,150.89,36.5,65.267,24,25,268.714,1,,,2.10
m5-gate,d8a0b9fcb355,10,0,ran,qwen2.5:0.5b,short,0,0,before,1789617397.535833,1789617397.686446,56.355,150.453,27.568,56.323,24,25,244.427,1,,,2.10
m5-gate,ca7ead9d3824,11,0,ran,qwen2.5:0.5b,short,0,0,before,1789617398.186647,1789617398.337284,54.124,150.503,24.929,54.094,24,25,238.643,1,,,2.10
m5-gate,290a0d6a76b5,12,0,ran,qwen2.5:0.5b,short,0,0,before,1789617398.837492,1789617398.990578,59.447,152.963,30.664,59.403,24,25,245.947,1,,,2.10
m5-gate,0d050c215b88,13,0,ran,qwen2.5:0.5b,short,0,0,before,1789617399.490717,1789617399.638417,61.4,147.556,32.395,61.362,24,25,266.958,1,,,2.10
m5-gate,931d1a766351,14,0,ran,qwen2.5:0.5b,short,0,0,before,1789617400.138608,1789617400.273694,49.199,134.924,20.277,49.168,24,25,268.299,1,,,2.10
m5-gate,5faf8efdaed4,15,0,ran,qwen2.5:0.5b,short,0,0,before,1789617400.773905,1789617400.911147,47.853,137.152,19.043,47.822,24,25,257.563,1,,,2.10
m5-gate,aca11aa2ccca,16,0,ran,qwen2.5:0.5b,short,0,0,before,1789617401.411316,1789617401.571582,66.135,160.082,37.367,66.105,24,25,244.82,1,,,2.10
m5-gate,5b0d793b62ca,17,0,ran,qwen2.5:0.5b,short,0,0,before,1789617402.071766,1789617402.207085,50.213,135.2,21.217,50.178,24,25,270.629,1,,,3.37
m5-gate,c677d3d1cb7f,18,0,ran,qwen2.5:0.5b,short,0,0,before,1789617402.707299,1789617402.849802,49.301,142.386,20.4,49.27,24,25,247.085,1,,,3.37
m5-gate,1956f179feac,19,0,ran,qwen2.5:0.5b,short,0,0,before,1789617403.349972,1789617403.486051,49.393,135.971,20.672,49.362,24,25,265.656,1,,,3.37
m5-gate,3eac3126e1d7,20,0,ran,qwen2.5:0.5b,short,0,0,before,1789617403.986234,1789617404.13083,50.923,144.46,22.235,50.891,24,25,245.893,1,,,3.37
m5-gate,747ca5ffd791,21,0,ran,qwen2.5:0.5b,short,0,0,before,1789617404.631046,1789617404.776284,50.653,145.085,21.806,50.623,24,25,243.563,1,,,3.37
m5-gate,e1b65f3425fe,22,0,ran,qwen2.5:0.5b,short,0,0,before,1789617405.276493,1789617405.408836,48.79,132.162,19.378,48.759,24,25,275.872,1,,,3.37
m5-gate,54ef87e38b36,23,0,ran,qwen2.5:0.5b,short,0,0,before,1789617405.909055,1789617406.052346,49.514,143.16,20.901,49.483,24,25,245.607,1,,,3.37
m5-gate,e6b9e7e3eb51,24,0,ran,qwen2.5:0.5b,short,0,0,before,1789617406.552545,1789617406.700419,63.243,147.755,33.369,63.209,24,25,272.151,1,,,4.31
m5-gate,812ba0743391,25,0,ran,qwen2.5:0.5b,short,0,0,before,1789617407.20057,1789617407.361614,67.762,160.945,39.106,67.728,24,25,246.826,1,,,4.31
m5-gate,ef6464f5a930,26,0,ran,qwen2.5:0.5b,short,0,0,before,1789617407.861789,1789617408.018938,64.852,157.044,35.821,64.821,24,25,249.479,1,,,4.31
m5-gate,9339497df4e6,27,0,ran,qwen2.5:0.5b,short,0,0,before,1789617408.519267,1789617408.667142,62.906,147.769,34.026,62.875,24,25,271.025,1,,,4.31
m5-gate,9ee71d5d9e4e,28,0,ran,qwen2.5:0.5b,short,0,0,before,1789617409.167305,1789617409.314254,54.167,146.825,25.591,54.137,24,25,248.224,1,,,4.31
m5-gate,aac47ce777e6,29,0,ran,qwen2.5:0.5b,short,0,0,before,1789617409.814537,1789617409.971082,63.656,156.398,35.014,63.625,24,25,248.001,1,,,4.31
m5-gate,8fc20dc44f13,30,0,ran,qwen2.5:0.5b,short,0,0,before,1789617410.471287,1789617410.61894,63.157,147.557,35.573,63.127,24,25,272.511,1,,,4.31
m5-gate,3f6e83e8ad63,31,0,ran,qwen2.5:0.5b,short,0,0,before,1789617411.119102,1789617411.264148,52.353,144.91,23.45,52.321,24,25,248.494,1,,,4.31
m5-gate,6045011d7d37,32,0,ran,qwen2.5:0.5b,short,0,0,before,1789617411.764348,1789617411.92008,59.661,155.621,31.91,59.615,24,25,239.684,1,,,4.12
m5-gate,7f58e436bc8a,0,1,ran,qwen2.5:0.5b,short,0,100,during,1789617414.680639,1789617415.378541,473.274,697.81,231.239,473.21,24,25,102.434,1,,,4.12
m5-gate,b0a85b835141,1,1,ran,qwen2.5:0.5b,short,0,100,during,1789617415.87874,1789617416.595181,480.919,716.314,238.483,480.857,24,25,97.708,1,,,4.12
m5-gate,c93246cbf9d4,2,1,ran,qwen2.5:0.5b,short,0,100,during,1789617417.095327,1789617417.798637,472.895,703.208,231.66,472.847,24,25,99.864,1,,,3.95
m5-gate,d85cba7fa0ba,3,0,ran,qwen2.5:0.5b,short,0,100,during,1789617418.298822,1789617418.991251,464.054,692.31,222.536,464.009,24,25,100.764,1,,,3.95
m5-gate,2139f0dc1cef,4,0,ran,qwen2.5:0.5b,short,0,100,during,1789617419.491429,1789617420.187062,463.278,695.521,221.316,463.229,24,25,99.034,1,,,3.95
m5-gate,1f93f7ad6daa,5,0,ran,qwen2.5:0.5b,short,0,100,during,1789617420.687282,1789617421.374156,462.305,686.766,220.171,462.263,24,25,102.468,1,,,3.95
m5-gate,8d290fe5a339,6,0,ran,qwen2.5:0.5b,short,0,100,during,1789617421.874348,1789617422.562863,462.42,688.397,220.917,462.389,24,25,101.781,1,,,3.87
m5-gate,fc72581a952e,7,0,ran,qwen2.5:0.5b,short,0,100,during,1789617423.063064,1789617423.752498,463.998,689.329,220.698,463.948,24,25,102.072,1,,,3.87
m5-gate,0bf757bcf912,8,0,ran,qwen2.5:0.5b,short,0,100,during,1789617424.252687,1789617424.960916,480.823,708.087,240.437,480.772,24,25,101.204,1,,,3.87
m5-gate,c02b10ad248e,9,0,ran,qwen2.5:0.5b,short,0,100,during,1789617425.461107,1789617426.146153,461.185,684.887,219.725,461.134,24,25,102.815,1,,,3.87
m5-gate,d582c2cb15b0,10,0,ran,qwen2.5:0.5b,short,0,100,during,1789617426.646375,1789617427.357102,461.497,710.618,219.173,461.451,24,25,92.325,1,,,3.72
m5-gate,6033f77486b2,11,0,ran,qwen2.5:0.5b,short,0,100,during,1789617427.857302,1789617428.553275,469.158,695.857,226.832,469.109,24,25,101.456,1,,,3.72
m5-gate,bb848a52f942,12,0,ran,qwen2.5:0.5b,short,0,100,during,1789617429.053458,1789617429.740976,460.972,687.396,219.782,460.94,24,25,101.579,1,,,3.72
m5-gate,6eb58f1debac,13,0,ran,qwen2.5:0.5b,short,0,100,during,1789617430.241138,1789617430.934988,460.78,693.712,220.367,460.733,24,25,98.741,1,,,3.72
m5-gate,072fa9e218bc,14,0,ran,qwen2.5:0.5b,short,0,100,during,1789617431.435218,1789617432.125473,459.995,690.136,221.749,459.949,24,25,99.939,1,,,3.59
m5-gate,17adcd608e55,15,0,ran,qwen2.5:0.5b,short,0,100,during,1789617432.62571,1789617433.33373,480.064,707.919,238.755,480.031,24,25,100.942,1,,,3.59
m5-gate,baea5c578db8,16,0,ran,qwen2.5:0.5b,short,0,100,during,1789617433.833903,1789617434.527577,460.886,693.543,219.633,460.819,24,25,98.858,1,,,3.59
m5-gate,daf1095efca5,17,0,ran,qwen2.5:0.5b,short,0,100,during,1789617435.027832,1789617435.725123,465.341,697.178,223.594,465.294,24,25,99.208,1,,,3.59
m5-gate,149ec666dfb2,18,0,ran,qwen2.5:0.5b,short,0,100,during,1789617436.225328,1789617436.922749,465.533,697.279,223.409,465.5,24,25,99.247,1,,,4.50
m5-gate,c75f9f3fc1c9,19,0,ran,qwen2.5:0.5b,short,0,100,during,1789617437.422947,1789617438.112686,463.523,689.62,222.084,463.483,24,25,101.726,1,,,4.50
m5-gate,1fd445b5e19e,20,0,ran,qwen2.5:0.5b,short,0,100,during,1789617438.61289,1789617439.308695,462.374,695.713,221.014,462.293,24,25,98.569,1,,,4.50
m5-gate,bc8d835afbce,21,0,ran,qwen2.5:0.5b,short,0,100,during,1789617439.808905,1789617440.504133,462.872,695.139,221.029,462.837,24,25,99.024,1,,,4.50
m5-gate,331085b196c8,22,0,ran,qwen2.5:0.5b,short,0,100,during,1789617441.004314,1789617441.693712,461.093,689.286,219.968,461.062,24,25,100.792,1,,,4.50
m5-gate,660b36185443,23,0,ran,qwen2.5:0.5b,short,0,100,during,1789617442.193884,1789617442.880335,460.436,686.364,219.12,460.404,24,25,101.802,1,,,4.46
m5-gate,ffed8e7aabb9,24,0,ran,qwen2.5:0.5b,short,0,100,during,1789617443.380526,1789617444.246754,461.226,866.122,219.392,461.193,24,25,56.805,1,,,4.46
m5-gate,2dfb3527f91a,25,0,ran,qwen2.5:0.5b,short,0,100,during,1789617444.746933,1789617445.436497,462.995,689.408,221.548,462.958,24,25,101.584,1,,,4.46
m5-gate,32dcd5f27b8c,26,0,ran,qwen2.5:0.5b,short,0,100,during,1789617445.936672,1789617446.625866,462.009,689.085,220.437,461.976,24,25,101.288,1,,,4.46
m5-gate,48700eccbbd1,27,0,ran,qwen2.5:0.5b,short,0,100,during,1789617447.126053,1789617447.819301,460.361,693.146,219.235,460.317,24,25,98.804,1,,,4.18
m5-gate,ca6944c23930,28,0,ran,qwen2.5:0.5b,short,0,100,during,1789617448.319474,1789617449.011831,461.116,692.251,219.59,461.069,24,25,99.509,1,,,4.18
m5-gate,d98134ac40b4,29,0,ran,qwen2.5:0.5b,short,0,100,during,1789617449.511992,1789617450.218554,480.033,706.463,238.704,480.0,24,25,101.577,1,,,4.18
m5-gate,1179d973bcc1,30,0,ran,qwen2.5:0.5b,short,0,100,during,1789617450.718745,1789617451.4253,479.946,706.436,239.199,479.896,24,25,101.549,1,,,4.18
m5-gate,6353d54a59be,31,0,ran,qwen2.5:0.5b,short,0,100,during,1789617451.925484,1789617452.614434,462.354,688.822,220.972,462.301,24,25,101.56,1,,,4.09
m5-gate,81a7ddd785c1,32,0,ran,qwen2.5:0.5b,short,0,100,during,1789617453.114629,1789617453.830188,482.704,715.404,238.935,482.665,24,25,98.84,1,,,4.09
m5-gate,3087a6d97317,0,1,ran,qwen2.5:0.5b,short,0,0,after,1789617456.321567,1789617456.482287,67.74,160.585,38.423,67.702,24,25,247.724,1,,,4.09
m5-gate,9a7d11d6e26c,1,1,ran,qwen2.5:0.5b,short,0,0,after,1789617456.982513,1789617457.132395,62.281,149.777,33.538,62.251,24,25,262.868,1,,,4.56
m5-gate,03dacb8733b1,2,1,ran,qwen2.5:0.5b,short,0,0,after,1789617457.632566,1789617457.793371,66.289,160.618,37.532,66.246,24,25,243.827,1,,,4.56
m5-gate,9cd157ab0e26,3,0,ran,qwen2.5:0.5b,short,0,0,after,1789617458.293701,1789617458.449929,63.3,156.043,33.931,63.27,24,25,247.996,1,,,4.56
m5-gate,a7b0d54067b5,4,0,ran,qwen2.5:0.5b,short,0,0,after,1789617458.950117,1789617459.098239,51.482,147.967,22.764,51.449,24,25,238.38,1,,,4.56
m5-gate,0d5a1c9a6bc1,5,0,ran,qwen2.5:0.5b,short,0,0,after,1789617459.598473,1789617459.756394,63.945,157.767,35.913,63.913,24,25,245.146,1,,,4.56
m5-gate,7d776705180f,6,0,ran,qwen2.5:0.5b,short,0,0,after,1789617460.256619,1789617460.392578,51.426,135.843,22.337,51.394,24,25,272.458,1,,,4.56
m5-gate,13d8e3c17ae8,7,0,ran,qwen2.5:0.5b,short,0,0,after,1789617460.892721,1789617461.037484,51.4,144.622,22.485,51.369,24,25,246.724,1,,,4.56
m5-gate,e0542c956d79,8,0,ran,qwen2.5:0.5b,short,0,0,after,1789617461.537681,1789617461.673856,49.194,136.075,18.837,49.161,24,25,264.73,1,,,4.56
m5-gate,af02a22f2fe6,9,0,ran,qwen2.5:0.5b,short,0,0,after,1789617462.174041,1789617462.327362,58.613,153.195,28.556,58.584,24,25,243.175,1,,,5.24
m5-gate,d8a9f387444a,10,0,ran,qwen2.5:0.5b,short,0,0,after,1789617462.827544,1789617462.987072,63.791,159.405,34.69,63.759,24,25,240.551,1,,,5.24
m5-gate,4466d398049e,11,0,ran,qwen2.5:0.5b,short,0,0,after,1789617463.487232,1789617463.622031,48.838,134.642,20.755,48.793,24,25,268.052,1,,,5.24
m5-gate,69e4236f2744,12,0,ran,qwen2.5:0.5b,short,0,0,after,1789617464.122245,1789617464.26282,55.539,140.419,26.362,55.507,24,25,270.969,1,,,5.24
m5-gate,d98a258c2718,13,0,ran,qwen2.5:0.5b,short,0,0,after,1789617464.763017,1789617464.914421,57.922,151.255,28.759,57.891,24,25,246.43,1,,,5.24
m5-gate,5173084150e5,14,0,ran,qwen2.5:0.5b,short,0,0,after,1789617465.414631,1789617465.575152,67.577,160.401,38.908,67.548,24,25,247.781,1,,,5.24
m5-gate,827110bf47e7,15,0,ran,qwen2.5:0.5b,short,0,0,after,1789617466.075344,1789617466.226449,63.898,150.956,36.348,63.866,24,25,264.19,1,,,5.24
m5-gate,24c5e33a35d7,16,0,ran,qwen2.5:0.5b,short,0,0,after,1789617466.726681,1789617466.861593,50.349,134.76,21.745,50.317,24,25,272.476,1,,,5.06
m5-gate,68e5f85cc2e5,17,0,ran,qwen2.5:0.5b,short,0,0,after,1789617467.361838,1789617467.50735,51.955,145.388,23.1,51.924,24,25,246.165,1,,,5.06
m5-gate,c2afc98582c9,18,0,ran,qwen2.5:0.5b,short,0,0,after,1789617468.007537,1789617468.166381,67.047,158.705,38.23,67.016,24,25,250.933,1,,,5.06
m5-gate,f696a4164d89,19,0,ran,qwen2.5:0.5b,short,0,0,after,1789617468.666509,1789617468.815588,64.254,148.931,35.382,64.222,24,25,271.618,1,,,5.06
m5-gate,1c4f48289a84,20,0,ran,qwen2.5:0.5b,short,0,0,after,1789617469.315759,1789617469.461595,57.995,145.712,29.174,57.964,24,25,262.205,1,,,5.06
m5-gate,47c5788de889,21,0,ran,qwen2.5:0.5b,short,0,0,after,1789617469.961772,1789617470.102727,48.519,140.802,19.585,48.488,24,25,249.234,1,,,5.06
m5-gate,b5cf7c82fca3,22,0,ran,qwen2.5:0.5b,short,0,0,after,1789617470.602942,1789617470.745038,49.39,141.993,21.52,49.359,24,25,248.373,1,,,5.06
m5-gate,0d788369f9f2,23,0,ran,qwen2.5:0.5b,short,0,0,after,1789617471.245174,1789617471.378809,47.447,133.507,18.186,47.416,24,25,267.255,1,,,5.06
m5-gate,dcc0b404d5ca,24,0,ran,qwen2.5:0.5b,short,0,0,after,1789617471.878977,1789617472.028483,58.067,149.361,29.048,58.037,24,25,251.932,1,,,4.97
m5-gate,b06fbd9504fa,25,0,ran,qwen2.5:0.5b,short,0,0,after,1789617472.52869,1789617472.677418,64.196,148.587,35.192,64.162,24,25,272.541,1,,,4.97
m5-gate,5309f7c24115,26,0,ran,qwen2.5:0.5b,short,0,0,after,1789617473.177632,1789617473.32285,51.175,145.074,22.32,51.144,24,25,244.945,1,,,4.97
m5-gate,65c8da6152e3,27,0,ran,qwen2.5:0.5b,short,0,0,after,1789617473.823059,1789617473.983149,66.846,159.949,37.804,66.814,24,25,247.038,1,,,4.97
m5-gate,25a9c088fc1a,28,0,ran,qwen2.5:0.5b,short,0,0,after,1789617474.483331,1789617474.61868,49.264,135.213,20.639,49.23,24,25,267.601,1,,,4.97
m5-gate,f685cc62fd68,29,0,ran,qwen2.5:0.5b,short,0,0,after,1789617475.118856,1789617475.26605,58.373,147.022,29.56,58.321,24,25,259.449,1,,,4.97
m5-gate,92d106b04d4d,30,0,ran,qwen2.5:0.5b,short,0,0,after,1789617475.766286,1789617475.907944,48.775,141.521,19.613,48.743,24,25,247.991,1,,,4.97
m5-gate,1cc7b2ec88c7,31,0,ran,qwen2.5:0.5b,short,0,0,after,1789617476.40813,1789617476.569126,65.536,160.849,36.431,65.496,24,25,241.308,1,,,4.97
m5-gate,145524897ac6,32,0,ran,qwen2.5:0.5b,short,0,0,after,1789617477.069326,1789617477.214493,58.229,145.025,29.276,58.195,24,25,264.988,1,,,5.62
